{"stats":{"minecraft:killed_by":{"minecraft:skeleton":1,"minecraft:creeper":2,"minecraft:zombie":1},"minecraft:custom":{"minecraft:blood":0,"lootr:looted_stat":51,"minecraft:mob_kills":61,"minecraft:animals_bred":1,"minecraft:dexterity":7,"minecraft:intelligence":7,"minecraft:move_speed":0,"minecraft:interact_with_crafting_table":7,"minecraft:open_barrel":1,"minecraft:damage_dealt_resisted":54,"minecraft:eat_cake_slice":6,"minecraft:leave_game":1,"minecraft:time_since_death":38576,"minecraft:sleep_in_bed":7,"minecraft:levels_gained":6,"minecraft:mana":100,"minecraft:time_since_rest":11240,"minecraft:waystone_activated":3,"minecraft:magic_shield":0,"minecraft:sprint_one_cm":255456,"minecraft:damage_absorbed":592,"minecraft:damage_taken":2731,"minecraft:walk_one_cm":248056,"minecraft:drop":33,"minecraft:damage_dealt":4064,"minecraft:health":230,"minecraft:swim_one_cm":2157,"minecraft:fly_one_cm":329062,"minecraft:crouch_one_cm":582,"minecraft:play_time":114860,"minecraft:deaths":4,"minecraft:sneak_time":178,"minecraft:walk_under_water_one_cm":1266,"minecraft:jump":1605,"minecraft:energy":100,"minecraft:walk_on_water_one_cm":5299,"minecraft:strength":10,"minecraft:total_world_time":114860,"minecraft:fall_one_cm":38219},"minecraft:crafted":{"minecraft:crafting_table":2,"minecraft:spruce_planks":15,"minecraft:wooden_pickaxe":1,"minecraft:bucket":1,"minecraft:spruce_fence":1,"minecraft:air":80,"minecraft:stick":3,"chococraft:chocobo_saddle":1,"minecraft:spruce_boat":1},"minecraft:mined":{"minecraft:red_carpet":1,"minecraft:red_bed":9,"minecraft:crafting_table":4,"minecraft:grass_block":24,"minecraft:tall_grass":8,"minecraft:sugar_cane":1,"minecraft:pink_petals":1,"minecraft:furnace":3,"minecraft:spruce_log":6,"minecraft:yellow_bed":1,"minecraft:grass":12,"chococraft:gysahl_green":47,"minecraft:dirt":20},"minecraft:killed":{"minecraft:witch":7,"riskofrain_mobs:lemurian_entity":1,"minecraft:spider":6,"minecraft:creeper":5,"minecraft:horse":3,"minecraft:skeleton":7,"minecraft:pillager":12,"minecraft:zombie":16,"friendsandfoes:moobloom":1,"chococraft:chocobo":1},"minecraft:used":{"minecraft:water_bucket":1,"minecraft:baked_potato":1,"minecraft:spruce_planks":8,"minecraft:dirt":1,"minecraft:crafting_table":5,"minecraft:red_bed":5,"minecraft:spruce_boat":1,"chococraft:gysahl_green_seeds":26,"minecraft:bread":4,"minecraft:iron_pickaxe":3,"minecraft:stone_axe":81,"minecraft:fishing_rod":1,"minecraft:sweet_berries":9,"chococraft:gysahl_green":5},"minecraft:dropped":{"cte_essentials:leather_0_boots":1,"mmorpg:stat_soul":2,"minecraft:wheat_seeds":1,"minecraft:glass_bottle":3,"minecraft:white_carpet":3,"minecraft:rotten_flesh":12,"minecraft:spruce_fence":3,"minecraft:flint_and_steel":1,"minecraft:red_carpet":3,"supplementaries:ash":2,"minecraft:potato":2,"minecraft:dirt":1,"illagerinvasion:platinum_chunk":10,"farmersdelight:flint_knife":1,"minecraft:gunpowder":5,"chococraft:chocobo_drumstick_raw":1,"cte_essentials:cloth_0_chestplate":1,"minecraft:wooden_sword":2,"doggytalents:rice_grains":2,"minecraft:arrow":5,"minecraft:beef":2,"minecraft:wooden_pickaxe":1,"minecraft:pink_petals":8,"chococraft:gysahl_green":3,"minecraft:egg":1},"minecraft:picked_up":{"minecraft:pink_petals":8,"minecraft:crafting_table":4,"chococraft:loverly_gysahl_green":5,"illagerinvasion:platinum_chunk":10,"minecraft:leather":4,"naturesaura:birth_spirit":3,"minecraft:potato":1,"doggytalents:rice_grains":3,"minecraft:yellow_bed":1,"minecraft:shield":1,"minecraft:gunpowder":5,"minecraft:string":5,"farmersdelight:flint_knife":1,"minecraft:red_bed":9,"minecraft:dirt":42,"minecraft:wooden_sword":1,"chococraft:chocobo_feather":1,"minecraft:white_carpet":3,"minecraft:red_carpet":3,"minecraft:bone":3,"chococraft:gysahl_green":105,"chococraft:gold_gysahl":1,"minecraft:wheat_seeds":2,"minecraft:iron_ingot":3,"minecraft:beef":4,"minecraft:glass_bottle":3,"minecraft:glowstone_dust":6,"lightmanscurrency:coin_iron":22,"minecraft:sugar_cane":2,"minecraft:stick":2,"minecraft:egg":3,"minecraft:furnace":3,"cte_essentials:cloth_0_chestplate":1,"cte_essentials:leather_0_boots":1,"mmorpg:stat_soul":1,"chococraft:gysahl_green_seeds":44,"minecraft:spruce_log":6,"lightmanscurrency:coin_copper":60,"minecraft:arrow":11,"minecraft:rotten_flesh":12,"minecraft:spruce_boat":1,"chococraft:chocobo_drumstick_raw":2,"minecraft:baked_potato":1,"supplementaries:ash":2},"minecraft:broken":{"minecraft:golden_chestplate":1}},"DataVersion":3465}