{"stats":{"minecraft:mined":{"minecraft:coal_ore":18,"minecraft:grass":2,"minecraft:grass_block":1,"minecraft:oak_log":6,"minecraft:furnace":2,"luminousworld:grassvariant_2":1,"minecraft:stone":16,"minecraft:sugar_cane":2,"minecraft:crafting_table":1,"minecraft:oak_leaves":1},"minecraft:crafted":{"iceandfire:armor_gray_boots":1,"minecraft:oak_planks":24,"minecraft:crafting_table":1,"minecraft:stick":8,"minecraft:wooden_pickaxe":1,"minecraft:stone_pickaxe":1},"minecraft:custom":{"minecraft:time_since_rest":8535,"minecraft:crouch_one_cm":1786,"minecraft:play_time":8535,"minecraft:sprint_one_cm":16842,"minecraft:walk_one_cm":26610,"minecraft:sneak_time":553,"minecraft:walk_under_water_one_cm":565,"minecraft:jump":61,"minecraft:damage_dealt":8,"minecraft:time_since_death":8535,"minecraft:walk_on_water_one_cm":141,"minecraft:total_world_time":8535,"minecraft:swim_one_cm":3484,"minecraft:interact_with_crafting_table":6,"minecraft:fall_one_cm":1523,"minecraft:fly_one_cm":11309},"minecraft:used":{"minecraft:crafting_table":1,"minecraft:stone_pickaxe":24,"minecraft:wooden_pickaxe":12},"minecraft:picked_up":{"minecraft:crafting_table":1,"iceandfire:dragonscales_gray":4,"minecraft:oak_log":6,"minecraft:coal":17,"minecraft:dirt":1,"minecraft:sugar_cane":5,"minecraft:cobblestone":16,"minecraft:furnace":2}},"DataVersion":3465}