{"stats":{"minecraft:killed_by":{"born_in_chaos_v1:corpse_fly":1,"mowziesmobs:ferrous_wroughtnaut":1,"minecraft:zombie":1,"iceandfire:fire_dragon":4},"minecraft:mined":{"minecraft:diamond_ore":2,"minecraft:white_bed":1,"iceandfire:silver_ore":9,"minecraft:deepslate_diamond_ore":1,"minecraft:sculk_vein":6,"minecraft:granite":10,"luminousworld:bao_bob_wood":1,"minecraft:grass_block":5,"minecraft:spruce_fence":2,"luminousworld:grassvariant_2":2,"minecraft:coal_block":8,"iceandfire:chared_dirt":5,"minecraft:potted_bamboo":1,"luminousworld:savanna_grass_2":3,"minecraft:sculk_catalyst":2,"minecraft:furnace":8,"minecraft:iron_ore":19,"minecraft:cobbled_deepslate":1,"minecraft:fire":25,"minecraft:andesite":8,"minecraft:pointed_dripstone":2,"iceandfire:gold_pile":3,"minecraft:deepslate_iron_ore":13,"minecraft:stone":173,"minecraft:white_wool":9,"iceandfire:chared_cobblestone":8,"minecraft:acacia_leaves":1,"luminousworld:savannah_grass_1":3,"minecraft:crafting_table":4,"minecraft:torch":3,"minecraft:emerald_ore":14,"minecraft:tall_grass":3,"minecraft:copper_ore":4,"minecraft:cobblestone":11,"minecraft:lapis_ore":4,"minecraft:sugar_cane":13,"placeablesmod:bread_full_block":1,"minecraft:diorite":40,"minecraft:wall_torch":2,"supplementaries:urn":4,"minecraft:wheat":11,"luminousworld:bao_bob_log":3,"minecraft:grass":5,"minecraft:oak_log":32,"minecraft:coal_ore":43,"luminousworld:ishstone":3,"minecraft:gravel":1,"minecraft:dirt":10,"minecraft:cobweb":1,"luminousworld:elephant_grass":2,"luminousworld:savannah_grass_4":6,"minecraft:oak_leaves":6,"minecraft:deepslate":3,"iceandfire:chared_stone":11},"minecraft:killed":{"undead_revamp2:thewolf":3,"minecraft:cave_spider":1,"born_in_chaos_v1:restless_spirit":1,"born_in_chaos_v1:maggot":1,"minecraft:skeleton":2,"mowziesmobs:ferrous_wroughtnaut":1,"luminousworld:savannah_zombie":1,"minecraft:pig":5,"earthmobsmod:bouldering_zombie":1,"born_in_chaos_v1:diamond_termite":1,"born_in_chaos_v1:baby_skeleton":1,"born_in_chaos_v1:spirit_guide_assistant":1,"undead_revamp2:the_moonflower":3,"enemyexpansion:sprinter":1,"born_in_chaos_v1:decrepit_skeleton":2,"luminousworld:savannah_skeleton":1,"minecraft:zombie":8,"iceandfire:ghost":1,"alexsmobs:gazelle":2,"born_in_chaos_v1:corpse_fly":2,"enemyexpansion:botfly":2,"bettermobs:capivara":1,"creeperoverhaul:savannah_creeper":1},"minecraft:custom":{"minecraft:mob_kills":43,"minecraft:interact_with_crafting_table":22,"minecraft:open_barrel":6,"minecraft:damage_dealt_resisted":82,"minecraft:leave_game":1,"minecraft:time_since_death":16452,"minecraft:climb_one_cm":756,"minecraft:sprint_one_cm":198167,"minecraft:walk_one_cm":547610,"minecraft:drop":68,"minecraft:play_time":93947,"minecraft:deaths":9,"minecraft:sneak_time":12440,"minecraft:walk_under_water_one_cm":9462,"minecraft:jump":1736,"minecraft:walk_on_water_one_cm":14468,"minecraft:total_world_time":93947,"minecraft:interact_with_furnace":14,"minecraft:sleep_in_bed":1,"minecraft:time_since_rest":16374,"minecraft:damage_taken":4362,"minecraft:damage_absorbed":40,"minecraft:damage_dealt":9680,"minecraft:swim_one_cm":10622,"minecraft:fly_one_cm":183834,"minecraft:open_chest":25,"minecraft:crouch_one_cm":44223,"tombstone:undead_killed":25,"minecraft:fall_one_cm":34774},"minecraft:crafted":{"minecraft:oak_planks":68,"minecraft:leather":1,"minecraft:stone_pickaxe":4,"iceandfire:armor_gray_boots":1,"sophisticatedbackpacks:backpack":1,"minecraft:cooked_porkchop":5,"minecraft:crafting_table":3,"minecraft:wooden_pickaxe":2,"minecraft:stone_axe":2,"minecraft:bread":35,"minecraft:air":0,"minecraft:iron_chestplate":1,"minecraft:stick":28,"quark:oak_chest":1,"minecraft:iron_pickaxe":1,"minecraft:torch":12},"minecraft:dropped":{"iceandfire:chared_stone":1,"minecraft:enchanted_book":1,"iceandfire:raw_silver":4,"minecraft:wheat_seeds":142,"born_in_chaos_v1:shattered_skull":1,"quark:glow_shroom":2,"minecraft:cobblestone":13,"minecraft:lantern":1,"minecraft:chainmail_helmet":2,"minecraft:leather_helmet":3,"minecraft:coal":5,"minecraft:item_frame":2,"minecraft:stick":2,"minecraft:cobweb":3,"minecraft:mutton":1,"minecraft:rose_bush":1,"minecraft:cracked_deepslate_tiles":1,"minecraft:oak_stairs":1,"minecraft:dandelion":1,"minecraft:bone":1,"minecraft:stone_axe":1,"alexsmobs:gazelle_horn":1,"luminousworld:bao_bob_log":4,"minecraft:iron_nugget":10,"minecraft:stone_sword":2,"alexsmobs:animal_dictionary":1,"minecraft:cobbled_deepslate":8,"minecraft:raw_copper":17,"minecraft:wheat":2,"minecraft:pointed_dripstone":4,"minecraft:oak_planks":2,"minecraft:spruce_fence":2,"minecraft:leather_chestplate":2,"supplementaries:ash":2,"minecraft:bundle":1,"iceandfire:chared_cobblestone":4,"minecraft:andesite":8,"minecraft:acacia_sapling":1,"minecraft:chainmail_boots":2,"minecraft:leather_leggings":3,"minecraft:stone_pressure_plate":1,"minecraft:bamboo":1,"minecraft:diamond_boots":1,"minecraft:wooden_pickaxe":2,"minecraft:stone_pickaxe":1},"minecraft:used":{"minecraft:diamond_hoe":8,"minecraft:iron_sword":163,"luminousworld:cooked_venison":3,"minecraft:rotten_flesh":2,"minecraft:torch":15,"minecraft:dirt":9,"minecraft:granite":10,"minecraft:oak_stairs":1,"minecraft:furnace":4,"tombstone:gift":2,"minecraft:cooked_beef":9,"minecraft:cobbled_deepslate":2,"minecraft:wheat_seeds":11,"minecraft:water_bucket":6,"minecraft:diorite":12,"minecraft:stone_pickaxe":276,"minecraft:oak_planks":5,"minecraft:leather_chestplate":1,"minecraft:wooden_pickaxe":30,"luminousworld:ishstone":1,"minecraft:golden_apple":1,"minecraft:crafting_table":6,"minecraft:apple":9,"minecraft:bread":6,"minecraft:iron_pickaxe":116,"minecraft:leather_helmet":1,"minecraft:stone_axe":100,"minecraft:cobblestone":116,"minecraft:cooked_porkchop":4,"minecraft:bucket":5},"minecraft:broken":{"minecraft:stone_pickaxe":2},"minecraft:picked_up":{"born_in_chaos_v1:diamond_termite_shard":1,"minecraft:crafting_table":4,"minecraft:wheat":88,"minecraft:chainmail_boots":2,"minecraft:flower_pot":1,"minecraft:leather_leggings":4,"minecraft:wooden_pickaxe":1,"minecraft:oak_stairs":2,"luminousworld:bao_bob_wood":1,"minecraft:enchanted_book":1,"alexsmobs:gazelle_horn":1,"minecraft:string":5,"minecraft:raw_copper":17,"minecraft:item_frame":2,"minecraft:iron_leggings":1,"minecraft:armor_stand":3,"minecraft:iron_shovel":1,"minecraft:experience_bottle":1,"minecraft:gold_nugget":44,"minecraft:cobbled_deepslate":10,"minecraft:beef":1,"minecraft:rose_bush":1,"minecraft:calcite":12,"minecraft:coal_block":8,"minecraft:sugar_cane":19,"minecraft:diamond_hoe":1,"minecraft:furnace":8,"minecraft:stick":5,"minecraft:raw_iron":31,"iceandfire:dragonscales_gray":4,"born_in_chaos_v1:shattered_skull":1,"minecraft:torch":6,"minecraft:acacia_log":1,"minecraft:spruce_fence":2,"minecraft:porkchop":12,"minecraft:pointed_dripstone":4,"tombstone:grave_dust":6,"minecraft:diorite":40,"minecraft:redstone":6,"minecraft:stone_pressure_plate":1,"minecraft:stone_sword":2,"minecraft:rotten_flesh":18,"minecraft:diamond_boots":3,"iceandfire:chared_dirt":4,"supplementaries:ash":2,"minecraft:mutton":1,"minecraft:white_wool":8,"minecraft:cobblestone":178,"minecraft:skeleton_skull":2,"minecraft:bone_block":8,"minecraft:cracked_deepslate_tiles":1,"minecraft:leather_chestplate":2,"minecraft:cooked_beef":1,"minecraft:water_bucket":1,"minecraft:andesite":8,"luminousworld:ishstone":4,"minecraft:leather":3,"minecraft:oak_log":31,"minecraft:lapis_lazuli":23,"minecraft:lantern":1,"minecraft:dirt":16,"tombstone:gift":1,"minecraft:bone":2,"minecraft:apple":9,"minecraft:bow":1,"minecraft:wheat_seeds":153,"luminousworld:elephant_grass":2,"quark:glow_shroom":2,"minecraft:iron_ingot":3,"minecraft:bamboo":1,"minecraft:acacia_sapling":1,"minecraft:iron_sword":2,"iceandfire:chared_stone":3,"minecraft:dandelion":1,"minecraft:white_bed":1,"alexsmobs:animal_dictionary":1,"minecraft:leather_helmet":3,"iceandfire:chared_cobblestone":7,"minecraft:bundle":1,"luminousworld:cooked_venison":3,"minecraft:diamond":3,"minecraft:iron_helmet":1,"minecraft:granite":10,"minecraft:emerald":18,"minecraft:bread":1,"minecraft:chainmail_helmet":2,"luminousworld:bao_bob_log":4,"minecraft:coal":72,"iceandfire:raw_silver":8,"minecraft:ender_pearl":1}},"DataVersion":3465}