{"stats":{"minecraft:mined":{"minecraft:grass":2,"minecraft:oak_log":6,"minecraft:sugar_cane":2,"minecraft:oak_leaves":1,"luminousworld:grassvariant_2":1},"minecraft:crafted":{"minecraft:oak_planks":24},"minecraft:custom":{"minecraft:jump":40,"minecraft:time_since_rest":2535,"minecraft:damage_dealt":8,"minecraft:walk_on_water_one_cm":141,"minecraft:crouch_one_cm":184,"minecraft:sprint_one_cm":10123,"minecraft:play_time":2535,"minecraft:time_since_death":2535,"minecraft:walk_one_cm":17071,"minecraft:sneak_time":14,"minecraft:total_world_time":2535,"minecraft:walk_under_water_one_cm":565,"minecraft:swim_one_cm":3484,"minecraft:fall_one_cm":1314,"minecraft:fly_one_cm":8537},"minecraft:picked_up":{"minecraft:oak_log":6,"minecraft:sugar_cane":5}},"DataVersion":3465}