{"stats":{"minecraft:mined":{"minecraft:furnace":2,"minecraft:torch":3,"minecraft:crafting_table":2,"minecraft:grass":2,"minecraft:oak_log":6,"minecraft:grass_block":1,"minecraft:coal_ore":22,"luminousworld:grassvariant_2":1,"minecraft:stone":34,"minecraft:sugar_cane":2,"minecraft:oak_leaves":1,"minecraft:wall_torch":1},"minecraft:killed":{"minecraft:zombie":1,"enemyexpansion:botfly":1},"minecraft:crafted":{"iceandfire:armor_gray_boots":1,"minecraft:oak_planks":24,"minecraft:crafting_table":1,"minecraft:stick":8,"minecraft:wooden_pickaxe":1,"minecraft:stone_pickaxe":1,"minecraft:torch":4,"minecraft:stone_axe":1},"minecraft:custom":{"minecraft:time_since_rest":14535,"minecraft:sprint_one_cm":28852,"minecraft:damage_taken":50,"minecraft:walk_one_cm":65715,"minecraft:mob_kills":2,"minecraft:damage_dealt":61,"minecraft:interact_with_crafting_table":7,"minecraft:swim_one_cm":3484,"minecraft:fly_one_cm":16316,"minecraft:crouch_one_cm":3797,"minecraft:play_time":14535,"tombstone:undead_killed":1,"minecraft:sneak_time":954,"minecraft:walk_under_water_one_cm":904,"minecraft:jump":210,"minecraft:walk_on_water_one_cm":743,"minecraft:time_since_death":14535,"minecraft:total_world_time":14535,"minecraft:fall_one_cm":4906},"minecraft:used":{"minecraft:stone_pickaxe":46,"minecraft:wooden_pickaxe":12,"minecraft:torch":4,"minecraft:stone_axe":3,"minecraft:crafting_table":2},"minecraft:picked_up":{"minecraft:crafting_table":2,"iceandfire:dragonscales_gray":4,"minecraft:torch":4,"minecraft:oak_stairs":1,"minecraft:oak_log":6,"tombstone:grave_dust":1,"minecraft:dirt":1,"minecraft:rotten_flesh":2,"supplementaries:ash":1,"minecraft:sugar_cane":5,"minecraft:coal":22,"minecraft:skeleton_skull":1,"minecraft:cobblestone":35,"minecraft:furnace":2}},"DataVersion":3465}