{"stats":{"minecraft:custom":{"minecraft:time_since_rest":10320,"minecraft:blood":0,"minecraft:magic_shield":0,"lootr:looted_stat":31,"minecraft:sprint_one_cm":46324,"minecraft:walk_one_cm":28120,"minecraft:damage_taken":118,"minecraft:damage_absorbed":42,"minecraft:drop":2,"minecraft:dexterity":0,"minecraft:intelligence":0,"minecraft:health":100,"minecraft:move_speed":0,"minecraft:interact_with_crafting_table":2,"minecraft:swim_one_cm":2157,"minecraft:fly_one_cm":66480,"minecraft:open_barrel":1,"minecraft:crouch_one_cm":220,"minecraft:play_time":18860,"minecraft:sneak_time":35,"minecraft:walk_under_water_one_cm":1266,"minecraft:jump":323,"minecraft:energy":50,"minecraft:leave_game":1,"minecraft:time_since_death":18860,"minecraft:walk_on_water_one_cm":3543,"minecraft:strength":0,"minecraft:sleep_in_bed":1,"minecraft:total_world_time":18860,"minecraft:fall_one_cm":10140,"minecraft:mana":50},"minecraft:crafted":{"minecraft:crafting_table":1,"minecraft:spruce_planks":15,"minecraft:stick":1,"minecraft:wooden_pickaxe":1,"minecraft:spruce_boat":1,"minecraft:air":67},"minecraft:mined":{"minecraft:red_bed":1,"minecraft:spruce_log":6,"minecraft:crafting_table":2,"minecraft:grass_block":1},"minecraft:dropped":{"minecraft:wooden_pickaxe":1,"minecraft:flint_and_steel":1},"minecraft:used":{"minecraft:spruce_boat":1,"minecraft:stone_axe":1,"minecraft:crafting_table":2,"minecraft:sweet_berries":9},"minecraft:picked_up":{"minecraft:crafting_table":2,"minecraft:spruce_log":6,"minecraft:dirt":1,"minecraft:red_bed":1,"minecraft:spruce_boat":1}},"DataVersion":3465}