{"stats":{"minecraft:mined":{"iceandfire:silver_ore":6,"minecraft:furnace":3,"minecraft:iron_ore":2,"minecraft:andesite":8,"minecraft:torch":3,"minecraft:crafting_table":2,"minecraft:granite":10,"luminousworld:ishstone":1,"minecraft:pointed_dripstone":2,"minecraft:grass":2,"minecraft:oak_log":6,"minecraft:grass_block":1,"minecraft:coal_ore":39,"minecraft:deepslate_iron_ore":10,"luminousworld:grassvariant_2":1,"minecraft:copper_ore":4,"minecraft:cobblestone":3,"minecraft:lapis_ore":4,"minecraft:stone":136,"minecraft:sugar_cane":2,"minecraft:diorite":40,"minecraft:oak_leaves":1,"minecraft:wall_torch":1},"minecraft:killed_by":{"mowziesmobs:ferrous_wroughtnaut":1},"minecraft:killed":{"mowziesmobs:ferrous_wroughtnaut":1,"minecraft:zombie":2,"enemyexpansion:botfly":1,"born_in_chaos_v1:maggot":1},"minecraft:crafted":{"iceandfire:armor_gray_boots":1,"minecraft:oak_planks":24,"minecraft:leather":1,"minecraft:crafting_table":1,"minecraft:stick":20,"minecraft:wooden_pickaxe":1,"minecraft:stone_pickaxe":3,"minecraft:torch":8,"minecraft:stone_axe":1,"minecraft:air":0},"minecraft:custom":{"minecraft:time_since_rest":2975,"minecraft:interact_with_furnace":8,"minecraft:sprint_one_cm":51185,"minecraft:damage_taken":562,"minecraft:walk_one_cm":146465,"minecraft:mob_kills":5,"minecraft:damage_dealt":948,"minecraft:open_barrel":1,"minecraft:interact_with_crafting_table":10,"minecraft:swim_one_cm":3484,"minecraft:fly_one_cm":26468,"minecraft:open_chest":3,"minecraft:crouch_one_cm":14344,"minecraft:play_time":26535,"tombstone:undead_killed":2,"minecraft:deaths":1,"minecraft:sneak_time":3276,"minecraft:walk_under_water_one_cm":904,"minecraft:jump":367,"minecraft:walk_on_water_one_cm":743,"minecraft:time_since_death":3059,"minecraft:sleep_in_bed":1,"minecraft:total_world_time":26535,"minecraft:fall_one_cm":10121},"minecraft:used":{"minecraft:stone_pickaxe":259,"minecraft:wooden_pickaxe":12,"luminousworld:cooked_venison":3,"minecraft:torch":8,"minecraft:stone_axe":16,"minecraft:cobblestone":3,"minecraft:crafting_table":2,"minecraft:furnace":2},"minecraft:broken":{"minecraft:stone_pickaxe":2},"minecraft:picked_up":{"minecraft:raw_iron":12,"minecraft:crafting_table":2,"iceandfire:dragonscales_gray":4,"luminousworld:ishstone":1,"minecraft:andesite":8,"minecraft:leather":3,"minecraft:torch":4,"minecraft:oak_stairs":1,"minecraft:oak_log":6,"minecraft:pointed_dripstone":4,"tombstone:grave_dust":1,"minecraft:diorite":40,"minecraft:lapis_lazuli":23,"minecraft:dirt":1,"minecraft:raw_copper":17,"minecraft:rotten_flesh":4,"luminousworld:cooked_venison":3,"minecraft:granite":10,"supplementaries:ash":1,"minecraft:sugar_cane":5,"minecraft:coal":61,"minecraft:skeleton_skull":1,"iceandfire:raw_silver":6,"minecraft:cobblestone":138,"minecraft:furnace":3}},"DataVersion":3465}