{"stats":{"minecraft:killed_by":{"born_in_chaos_v1:corpse_fly":1,"mowziesmobs:ferrous_wroughtnaut":1,"minecraft:zombie":1,"iceandfire:fire_dragon":4},"minecraft:mined":{"minecraft:diamond_ore":2,"iceandfire:silver_ore":7,"minecraft:deepslate_diamond_ore":1,"minecraft:sculk_vein":6,"minecraft:granite":10,"minecraft:grass_block":5,"luminousworld:grassvariant_2":1,"iceandfire:chared_dirt":5,"minecraft:sculk_catalyst":2,"minecraft:furnace":5,"minecraft:iron_ore":19,"minecraft:cobbled_deepslate":1,"minecraft:fire":17,"minecraft:andesite":8,"minecraft:pointed_dripstone":2,"iceandfire:gold_pile":3,"minecraft:deepslate_iron_ore":13,"minecraft:stone":172,"iceandfire:chared_cobblestone":8,"minecraft:crafting_table":4,"minecraft:torch":3,"minecraft:emerald_ore":14,"minecraft:copper_ore":4,"minecraft:cobblestone":11,"minecraft:lapis_ore":4,"minecraft:sugar_cane":3,"placeablesmod:bread_full_block":1,"minecraft:diorite":40,"minecraft:wall_torch":2,"supplementaries:urn":4,"minecraft:grass":3,"minecraft:oak_log":11,"minecraft:coal_ore":41,"luminousworld:ishstone":3,"minecraft:gravel":1,"minecraft:dirt":8,"minecraft:cobweb":1,"minecraft:oak_leaves":2,"minecraft:deepslate":3,"iceandfire:chared_stone":11},"minecraft:killed":{"undead_revamp2:thewolf":1,"minecraft:cave_spider":1,"born_in_chaos_v1:maggot":1,"minecraft:skeleton":1,"mowziesmobs:ferrous_wroughtnaut":1,"earthmobsmod:bouldering_zombie":1,"born_in_chaos_v1:diamond_termite":1,"enemyexpansion:sprinter":1,"born_in_chaos_v1:decrepit_skeleton":2,"minecraft:zombie":6,"born_in_chaos_v1:corpse_fly":2,"enemyexpansion:botfly":1},"minecraft:custom":{"minecraft:mob_kills":19,"minecraft:interact_with_crafting_table":17,"minecraft:open_barrel":5,"minecraft:damage_dealt_resisted":37,"minecraft:leave_game":1,"minecraft:time_since_death":4102,"minecraft:sprint_one_cm":136873,"minecraft:walk_one_cm":345024,"minecraft:drop":34,"minecraft:play_time":75947,"minecraft:deaths":8,"minecraft:sneak_time":11743,"minecraft:walk_under_water_one_cm":8112,"minecraft:jump":1320,"minecraft:walk_on_water_one_cm":10445,"minecraft:total_world_time":75947,"minecraft:interact_with_furnace":10,"minecraft:sleep_in_bed":1,"minecraft:time_since_rest":2020,"minecraft:damage_taken":3730,"minecraft:damage_absorbed":40,"minecraft:damage_dealt":4995,"minecraft:swim_one_cm":9879,"minecraft:fly_one_cm":124225,"minecraft:open_chest":13,"minecraft:crouch_one_cm":41363,"tombstone:undead_killed":12,"minecraft:fall_one_cm":29245},"minecraft:crafted":{"minecraft:oak_planks":52,"minecraft:leather":1,"minecraft:stone_pickaxe":4,"iceandfire:armor_gray_boots":1,"sophisticatedbackpacks:backpack":1,"minecraft:crafting_table":2,"minecraft:wooden_pickaxe":2,"minecraft:stone_axe":2,"minecraft:bread":6,"minecraft:air":0,"minecraft:iron_chestplate":1,"minecraft:stick":28,"quark:oak_chest":1,"minecraft:iron_pickaxe":1,"minecraft:torch":12},"minecraft:dropped":{"iceandfire:chared_stone":1,"minecraft:enchanted_book":1,"iceandfire:raw_silver":4,"born_in_chaos_v1:shattered_skull":1,"quark:glow_shroom":2,"minecraft:cobblestone":9,"minecraft:chainmail_helmet":2,"minecraft:coal":5,"minecraft:stick":2,"minecraft:cobweb":3,"minecraft:cracked_deepslate_tiles":1,"minecraft:oak_stairs":1,"minecraft:bone":1,"minecraft:iron_nugget":10,"alexsmobs:animal_dictionary":1,"minecraft:cobbled_deepslate":8,"minecraft:raw_copper":17,"minecraft:wheat":2,"minecraft:pointed_dripstone":4,"minecraft:oak_planks":2,"supplementaries:ash":1,"iceandfire:chared_cobblestone":4,"minecraft:andesite":8,"minecraft:chainmail_boots":2,"minecraft:wooden_pickaxe":2,"minecraft:stone_pickaxe":1},"minecraft:used":{"minecraft:diamond_hoe":8,"minecraft:iron_sword":106,"luminousworld:cooked_venison":3,"minecraft:rotten_flesh":2,"minecraft:torch":15,"minecraft:granite":10,"minecraft:oak_stairs":1,"minecraft:furnace":4,"tombstone:gift":2,"minecraft:cooked_beef":9,"minecraft:cobbled_deepslate":2,"minecraft:water_bucket":4,"minecraft:diorite":12,"minecraft:stone_pickaxe":260,"minecraft:oak_planks":5,"minecraft:wooden_pickaxe":30,"luminousworld:ishstone":1,"minecraft:golden_apple":1,"minecraft:crafting_table":5,"minecraft:apple":9,"minecraft:bread":6,"minecraft:iron_pickaxe":116,"minecraft:stone_axe":20,"minecraft:cobblestone":115,"minecraft:bucket":3},"minecraft:broken":{"minecraft:stone_pickaxe":2},"minecraft:picked_up":{"born_in_chaos_v1:diamond_termite_shard":1,"minecraft:crafting_table":4,"minecraft:wheat":1,"minecraft:chainmail_boots":2,"minecraft:wooden_pickaxe":1,"minecraft:oak_stairs":2,"minecraft:enchanted_book":1,"minecraft:string":5,"minecraft:raw_copper":17,"minecraft:iron_leggings":1,"minecraft:gold_nugget":44,"minecraft:cobbled_deepslate":10,"minecraft:calcite":12,"minecraft:sugar_cane":8,"minecraft:diamond_hoe":1,"minecraft:furnace":5,"minecraft:stick":2,"minecraft:raw_iron":31,"iceandfire:dragonscales_gray":4,"born_in_chaos_v1:shattered_skull":1,"minecraft:torch":6,"minecraft:pointed_dripstone":4,"tombstone:grave_dust":6,"minecraft:diorite":40,"minecraft:redstone":6,"minecraft:rotten_flesh":11,"iceandfire:chared_dirt":4,"supplementaries:ash":1,"minecraft:cobblestone":177,"minecraft:skeleton_skull":2,"minecraft:bone_block":8,"minecraft:cracked_deepslate_tiles":1,"minecraft:water_bucket":1,"minecraft:andesite":8,"luminousworld:ishstone":4,"minecraft:leather":3,"minecraft:oak_log":11,"minecraft:lapis_lazuli":23,"minecraft:dirt":15,"tombstone:gift":1,"minecraft:bone":1,"minecraft:apple":9,"quark:glow_shroom":2,"minecraft:iron_ingot":3,"minecraft:iron_sword":1,"iceandfire:chared_stone":3,"alexsmobs:animal_dictionary":1,"iceandfire:chared_cobblestone":7,"luminousworld:cooked_venison":3,"minecraft:diamond":3,"minecraft:iron_helmet":1,"minecraft:granite":10,"minecraft:emerald":18,"minecraft:bread":1,"minecraft:chainmail_helmet":2,"minecraft:coal":68,"iceandfire:raw_silver":7}},"DataVersion":3465}