{"stats":{"minecraft:custom":{"minecraft:time_since_rest":7780,"minecraft:blood":0,"minecraft:magic_shield":0,"lootr:looted_stat":46,"minecraft:sprint_one_cm":90905,"minecraft:walk_one_cm":58849,"minecraft:damage_taken":358,"minecraft:damage_absorbed":42,"minecraft:mob_kills":2,"minecraft:drop":2,"minecraft:dexterity":0,"minecraft:intelligence":0,"minecraft:damage_dealt":172,"minecraft:health":116,"minecraft:move_speed":0,"minecraft:interact_with_crafting_table":2,"minecraft:swim_one_cm":2157,"minecraft:fly_one_cm":117904,"minecraft:open_barrel":1,"minecraft:crouch_one_cm":262,"minecraft:play_time":30860,"minecraft:sneak_time":40,"minecraft:walk_under_water_one_cm":1266,"minecraft:jump":543,"minecraft:eat_cake_slice":6,"minecraft:energy":60,"minecraft:leave_game":1,"minecraft:time_since_death":30860,"minecraft:walk_on_water_one_cm":3754,"minecraft:strength":0,"minecraft:sleep_in_bed":2,"minecraft:total_world_time":30860,"minecraft:levels_gained":2,"minecraft:fall_one_cm":14707,"minecraft:mana":60},"minecraft:crafted":{"minecraft:crafting_table":1,"minecraft:spruce_planks":15,"minecraft:stick":1,"minecraft:wooden_pickaxe":1,"minecraft:spruce_boat":1,"minecraft:air":67},"minecraft:mined":{"minecraft:red_carpet":1,"minecraft:furnace":3,"minecraft:red_bed":5,"minecraft:spruce_log":6,"minecraft:yellow_bed":1,"minecraft:crafting_table":2,"minecraft:grass_block":1},"minecraft:dropped":{"minecraft:wooden_pickaxe":1,"minecraft:flint_and_steel":1},"minecraft:killed":{"minecraft:skeleton":1,"minecraft:zombie":1},"minecraft:used":{"minecraft:spruce_boat":1,"minecraft:bread":1,"minecraft:iron_pickaxe":3,"minecraft:stone_axe":12,"minecraft:crafting_table":2,"minecraft:sweet_berries":9,"minecraft:red_bed":1},"minecraft:picked_up":{"minecraft:crafting_table":2,"minecraft:yellow_bed":1,"minecraft:spruce_log":6,"farmersdelight:flint_knife":1,"minecraft:dirt":1,"minecraft:red_bed":5,"lightmanscurrency:coin_copper":6,"minecraft:white_carpet":3,"minecraft:red_carpet":3,"minecraft:arrow":1,"minecraft:spruce_boat":1,"supplementaries:ash":2,"minecraft:furnace":3}},"DataVersion":3465}