{"stats":{"minecraft:killed_by":{"minecraft:zombie":1},"minecraft:custom":{"minecraft:time_since_rest":14280,"minecraft:blood":0,"minecraft:magic_shield":0,"lootr:looted_stat":46,"minecraft:sprint_one_cm":129518,"minecraft:walk_one_cm":82042,"minecraft:damage_taken":599,"minecraft:damage_absorbed":97,"minecraft:mob_kills":6,"minecraft:drop":3,"minecraft:dexterity":0,"minecraft:intelligence":0,"minecraft:damage_dealt":493,"minecraft:health":116,"minecraft:move_speed":0,"minecraft:interact_with_crafting_table":2,"minecraft:swim_one_cm":2157,"minecraft:fly_one_cm":166484,"minecraft:open_barrel":1,"minecraft:crouch_one_cm":334,"minecraft:play_time":54860,"minecraft:deaths":1,"minecraft:sneak_time":74,"minecraft:walk_under_water_one_cm":1266,"minecraft:jump":793,"minecraft:eat_cake_slice":6,"minecraft:energy":60,"minecraft:leave_game":1,"minecraft:time_since_death":7917,"minecraft:walk_on_water_one_cm":3754,"minecraft:strength":0,"minecraft:sleep_in_bed":2,"minecraft:total_world_time":54860,"minecraft:levels_gained":2,"minecraft:fall_one_cm":19493,"minecraft:mana":60},"minecraft:crafted":{"minecraft:crafting_table":1,"minecraft:spruce_planks":15,"minecraft:stick":1,"minecraft:wooden_pickaxe":1,"minecraft:spruce_boat":1,"minecraft:air":67},"minecraft:mined":{"minecraft:pink_petals":1,"minecraft:red_carpet":1,"minecraft:furnace":3,"minecraft:red_bed":5,"minecraft:spruce_log":6,"minecraft:yellow_bed":1,"minecraft:crafting_table":2,"chococraft:gysahl_green":16,"minecraft:grass_block":1},"minecraft:dropped":{"minecraft:wooden_pickaxe":1,"minecraft:pink_petals":4,"minecraft:flint_and_steel":1},"minecraft:killed":{"minecraft:skeleton":1,"minecraft:zombie":1,"friendsandfoes:moobloom":1,"minecraft:horse":3},"minecraft:used":{"minecraft:spruce_boat":1,"minecraft:bread":1,"minecraft:iron_pickaxe":3,"minecraft:stone_axe":17,"minecraft:crafting_table":2,"minecraft:sweet_berries":9,"minecraft:red_bed":1,"chococraft:gysahl_green":4},"minecraft:picked_up":{"chococraft:loverly_gysahl_green":3,"minecraft:crafting_table":2,"minecraft:leather":4,"chococraft:gysahl_green_seeds":15,"minecraft:yellow_bed":1,"minecraft:spruce_log":6,"farmersdelight:flint_knife":1,"minecraft:dirt":1,"minecraft:red_bed":5,"lightmanscurrency:coin_copper":6,"minecraft:white_carpet":3,"minecraft:red_carpet":3,"minecraft:arrow":1,"chococraft:gysahl_green":44,"minecraft:spruce_boat":1,"minecraft:beef":2,"supplementaries:ash":2,"minecraft:pink_petals":4,"minecraft:furnace":3}},"DataVersion":3465}