{"stats":{"minecraft:mined":{"minecraft:diamond_ore":2,"iceandfire:silver_ore":7,"minecraft:deepslate_diamond_ore":1,"minecraft:crafting_table":3,"minecraft:torch":3,"minecraft:granite":10,"minecraft:emerald_ore":14,"minecraft:grass_block":1,"luminousworld:grassvariant_2":1,"minecraft:copper_ore":4,"minecraft:cobblestone":5,"minecraft:lapis_ore":4,"minecraft:sugar_cane":2,"placeablesmod:bread_full_block":1,"minecraft:diorite":40,"minecraft:wall_torch":1,"supplementaries:urn":4,"minecraft:sculk_catalyst":2,"minecraft:furnace":5,"minecraft:iron_ore":14,"minecraft:cobbled_deepslate":1,"minecraft:fire":2,"minecraft:andesite":8,"minecraft:grass":2,"minecraft:coal_ore":40,"minecraft:pointed_dripstone":2,"minecraft:oak_log":6,"luminousworld:ishstone":1,"iceandfire:gold_pile":3,"minecraft:deepslate_iron_ore":13,"minecraft:gravel":1,"minecraft:stone":136,"minecraft:oak_leaves":1,"minecraft:deepslate":3},"minecraft:killed_by":{"mowziesmobs:ferrous_wroughtnaut":1,"minecraft:zombie":1,"born_in_chaos_v1:corpse_fly":1},"minecraft:killed":{"minecraft:cave_spider":1,"born_in_chaos_v1:diamond_termite":1,"enemyexpansion:sprinter":1,"born_in_chaos_v1:decrepit_skeleton":2,"born_in_chaos_v1:maggot":1,"mowziesmobs:ferrous_wroughtnaut":1,"minecraft:zombie":6,"born_in_chaos_v1:corpse_fly":2,"enemyexpansion:botfly":1},"minecraft:crafted":{"iceandfire:armor_gray_boots":1,"minecraft:oak_planks":24,"minecraft:crafting_table":1,"minecraft:wooden_pickaxe":1,"minecraft:stone_axe":1,"minecraft:bread":6,"minecraft:air":0,"minecraft:iron_chestplate":1,"minecraft:leather":1,"minecraft:stick":20,"minecraft:iron_pickaxe":1,"minecraft:stone_pickaxe":3,"minecraft:torch":8},"minecraft:dropped":{"iceandfire:raw_silver":4,"quark:glow_shroom":2,"born_in_chaos_v1:shattered_skull":1,"minecraft:iron_nugget":10,"alexsmobs:animal_dictionary":1,"minecraft:cobbled_deepslate":1,"minecraft:raw_copper":17,"minecraft:wheat":2,"minecraft:pointed_dripstone":4,"minecraft:chainmail_helmet":2,"minecraft:coal":5,"minecraft:stick":2,"minecraft:cobweb":3,"supplementaries:ash":1,"minecraft:andesite":8,"minecraft:chainmail_boots":2,"minecraft:oak_stairs":1,"minecraft:stone_pickaxe":1,"minecraft:wooden_pickaxe":1,"minecraft:bone":1},"minecraft:custom":{"minecraft:interact_with_furnace":10,"minecraft:mob_kills":16,"minecraft:interact_with_crafting_table":13,"minecraft:open_barrel":5,"minecraft:time_since_death":18424,"minecraft:sleep_in_bed":1,"minecraft:time_since_rest":16025,"minecraft:damage_absorbed":40,"minecraft:sprint_one_cm":88624,"minecraft:damage_taken":2005,"minecraft:walk_one_cm":280345,"minecraft:drop":25,"minecraft:damage_dealt":4171,"minecraft:swim_one_cm":9879,"minecraft:fly_one_cm":64066,"minecraft:open_chest":12,"minecraft:deaths":4,"minecraft:crouch_one_cm":36725,"minecraft:play_time":56535,"tombstone:undead_killed":9,"minecraft:sneak_time":9749,"minecraft:walk_under_water_one_cm":3521,"minecraft:jump":926,"minecraft:walk_on_water_one_cm":7223,"minecraft:total_world_time":56535,"minecraft:fall_one_cm":22340},"minecraft:used":{"minecraft:diorite":12,"minecraft:diamond_hoe":2,"minecraft:stone_pickaxe":260,"minecraft:oak_planks":5,"minecraft:wooden_pickaxe":12,"minecraft:iron_sword":86,"luminousworld:cooked_venison":3,"luminousworld:ishstone":1,"minecraft:rotten_flesh":2,"minecraft:torch":12,"minecraft:golden_apple":1,"minecraft:crafting_table":3,"minecraft:granite":10,"minecraft:apple":6,"minecraft:oak_stairs":1,"minecraft:bread":6,"minecraft:iron_pickaxe":49,"minecraft:stone_axe":19,"minecraft:cobblestone":67,"minecraft:furnace":4,"minecraft:cobbled_deepslate":2},"minecraft:broken":{"minecraft:stone_pickaxe":2},"minecraft:picked_up":{"minecraft:cracked_deepslate_tiles":1,"minecraft:wheat":1,"born_in_chaos_v1:diamond_termite_shard":1,"minecraft:crafting_table":3,"minecraft:chainmail_boots":2,"minecraft:andesite":8,"luminousworld:ishstone":3,"minecraft:leather":3,"minecraft:wooden_pickaxe":1,"minecraft:oak_stairs":2,"minecraft:oak_log":6,"minecraft:lapis_lazuli":23,"minecraft:dirt":1,"minecraft:raw_copper":17,"minecraft:iron_leggings":1,"minecraft:bone":1,"minecraft:apple":9,"minecraft:gold_nugget":44,"minecraft:cobbled_deepslate":10,"quark:glow_shroom":2,"minecraft:iron_ingot":3,"minecraft:diamond_hoe":1,"minecraft:sugar_cane":5,"minecraft:iron_sword":1,"minecraft:furnace":5,"born_in_chaos_v1:shattered_skull":1,"minecraft:stick":2,"minecraft:raw_iron":26,"iceandfire:dragonscales_gray":4,"minecraft:torch":4,"tombstone:grave_dust":4,"minecraft:pointed_dripstone":4,"minecraft:diorite":40,"minecraft:redstone":6,"alexsmobs:animal_dictionary":1,"minecraft:rotten_flesh":11,"luminousworld:cooked_venison":3,"minecraft:diamond":3,"minecraft:iron_helmet":1,"minecraft:granite":10,"minecraft:chainmail_helmet":2,"minecraft:bread":1,"minecraft:emerald":18,"supplementaries:ash":1,"minecraft:bone_block":8,"minecraft:coal":67,"minecraft:skeleton_skull":2,"iceandfire:raw_silver":7,"minecraft:cobblestone":140}},"DataVersion":3465}