{"stats":{"minecraft:killed_by":{"born_in_chaos_v1:corpse_fly":1,"undead_revamp2:thespitter":1,"mowziesmobs:ferrous_wroughtnaut":1,"undead_revamp2:bomber":1,"minecraft:zombie":1,"iceandfire:fire_dragon":4},"minecraft:mined":{"minecraft:diamond_ore":2,"minecraft:tuff":11,"minecraft:white_bed":1,"iceandfire:silver_ore":9,"minecraft:deepslate_diamond_ore":2,"minecraft:sculk_vein":6,"minecraft:granite":16,"luminousworld:bao_bob_wood":1,"minecraft:grass_block":5,"minecraft:spruce_fence":2,"luminousworld:grassvariant_2":2,"minecraft:coal_block":8,"iceandfire:chared_dirt":5,"minecraft:potted_bamboo":1,"luminousworld:savanna_grass_2":7,"minecraft:sculk_catalyst":2,"minecraft:furnace":12,"minecraft:iron_ore":19,"minecraft:cobbled_deepslate":1,"minecraft:fire":25,"minecraft:andesite":8,"minecraft:deepslate_lapis_ore":2,"minecraft:pointed_dripstone":2,"iceandfire:gold_pile":3,"minecraft:deepslate_iron_ore":35,"minecraft:stone":216,"minecraft:white_wool":9,"iceandfire:chared_cobblestone":8,"minecraft:acacia_leaves":1,"luminousworld:tall_deadbush":2,"luminousworld:savannah_grass_1":7,"minecraft:crafting_table":9,"minecraft:torch":7,"minecraft:emerald_ore":14,"minecraft:tall_grass":3,"minecraft:copper_ore":4,"minecraft:cobblestone":11,"minecraft:deepslate_gold_ore":12,"minecraft:lapis_ore":4,"minecraft:sugar_cane":13,"placeablesmod:bread_full_block":1,"minecraft:diorite":40,"minecraft:wall_torch":2,"supplementaries:urn":7,"minecraft:wheat":11,"minecraft:yellow_bed":2,"luminousworld:bao_bob_log":3,"minecraft:grass":5,"quark:monster_box":1,"minecraft:oak_log":32,"minecraft:coal_ore":49,"luminousworld:ishstone":6,"minecraft:gravel":4,"minecraft:dirt":10,"minecraft:cobweb":1,"luminousworld:elephant_grass":2,"luminousworld:savannah_grass_4":15,"minecraft:oak_leaves":6,"minecraft:deepslate":164,"iceandfire:chared_stone":11},"minecraft:killed":{"undead_revamp2:thewolf":3,"minecraft:cave_spider":1,"born_in_chaos_v1:restless_spirit":2,"undead_revamp2:thesmoker":1,"enemyexpansion:direwolf":1,"born_in_chaos_v1:siamese_skeletonsright":1,"born_in_chaos_v1:maggot":1,"minecraft:skeleton":9,"mowziesmobs:ferrous_wroughtnaut":1,"luminousworld:savannah_zombie":1,"minecraft:pig":5,"earthmobsmod:bouldering_zombie":1,"born_in_chaos_v1:diamond_termite":1,"born_in_chaos_v1:baby_skeleton":1,"born_in_chaos_v1:spirit_guide_assistant":4,"undead_revamp2:the_moonflower":3,"enemyexpansion:sprinter":1,"born_in_chaos_v1:decrepit_skeleton":4,"luminousworld:savannah_skeleton":3,"endermanoverhaul:cave_enderman":1,"minecraft:zombie":12,"iceandfire:ghost":3,"alexsmobs:gazelle":2,"born_in_chaos_v1:corpse_fly":2,"enemyexpansion:botfly":2,"bettermobs:capivara":2,"creeperoverhaul:savannah_creeper":1,"born_in_chaos_v1:siamese_skeletonsleft":1,"enemyexpansion:slugger":1},"minecraft:custom":{"minecraft:mob_kills":72,"minecraft:interact_with_crafting_table":34,"minecraft:open_barrel":6,"minecraft:damage_dealt_resisted":97,"minecraft:leave_game":2,"minecraft:time_since_death":1910,"minecraft:climb_one_cm":756,"minecraft:sprint_one_cm":275036,"minecraft:walk_one_cm":777859,"minecraft:damage_blocked_by_shield":120,"minecraft:drop":80,"minecraft:play_time":137125,"minecraft:deaths":12,"minecraft:sneak_time":16644,"minecraft:walk_under_water_one_cm":14498,"minecraft:jump":2591,"minecraft:walk_on_water_one_cm":29537,"minecraft:total_world_time":137125,"minecraft:interact_with_furnace":33,"minecraft:sleep_in_bed":3,"minecraft:time_since_rest":1,"minecraft:damage_taken":5807,"minecraft:damage_absorbed":40,"minecraft:damage_dealt":15563,"minecraft:swim_one_cm":24779,"minecraft:fly_one_cm":304141,"minecraft:open_chest":27,"minecraft:crouch_one_cm":55759,"tombstone:undead_killed":49,"minecraft:fall_one_cm":44782},"minecraft:crafted":{"minecraft:oak_planks":84,"minecraft:coal":72,"minecraft:leather":5,"minecraft:stone_pickaxe":5,"iceandfire:armor_gray_boots":1,"sophisticatedbackpacks:backpack":2,"minecraft:cooked_porkchop":5,"minecraft:crafting_table":4,"minecraft:wooden_pickaxe":2,"minecraft:copper_ingot":7,"minecraft:stone_axe":2,"minecraft:bread":35,"minecraft:air":0,"minecraft:string":4,"minecraft:iron_chestplate":1,"minecraft:shield":1,"minecraft:stick":52,"quark:oak_chest":2,"minecraft:iron_ingot":7,"minecraft:iron_pickaxe":1,"minecraft:acacia_planks":4,"minecraft:torch":60},"minecraft:dropped":{"iceandfire:chared_stone":1,"minecraft:enchanted_book":1,"minecraft:iron_ingot":1,"iceandfire:raw_silver":4,"minecraft:wheat_seeds":142,"born_in_chaos_v1:shattered_skull":1,"quark:glow_shroom":2,"minecraft:cobblestone":13,"minecraft:lantern":1,"minecraft:chainmail_helmet":2,"minecraft:leather_helmet":3,"minecraft:coal":5,"minecraft:item_frame":2,"minecraft:stick":2,"minecraft:cobweb":3,"luminousworld:bao_bob_wood":1,"minecraft:mutton":1,"minecraft:rose_bush":1,"minecraft:cracked_deepslate_tiles":1,"minecraft:oak_stairs":1,"minecraft:acacia_planks":4,"minecraft:armor_stand":3,"minecraft:dandelion":1,"minecraft:bone":1,"minecraft:stone_axe":1,"alexsmobs:gazelle_horn":1,"luminousworld:bao_bob_log":4,"minecraft:iron_nugget":10,"minecraft:stone_sword":2,"alexsmobs:animal_dictionary":1,"minecraft:cobbled_deepslate":13,"minecraft:raw_copper":17,"minecraft:tuff":1,"minecraft:wheat":2,"minecraft:pointed_dripstone":4,"luminousworld:tall_deadbush":2,"minecraft:oak_planks":2,"minecraft:spruce_fence":2,"minecraft:leather_chestplate":2,"supplementaries:ash":2,"minecraft:bundle":1,"iceandfire:chared_cobblestone":4,"minecraft:andesite":8,"minecraft:acacia_sapling":1,"minecraft:chainmail_boots":2,"minecraft:leather_leggings":3,"minecraft:stone_pressure_plate":1,"minecraft:bamboo":1,"minecraft:diamond_boots":1,"luminousworld:elephant_grass":4,"minecraft:wooden_pickaxe":2,"minecraft:stone_pickaxe":2,"born_in_chaos_v1:marigolds":3},"minecraft:used":{"minecraft:iron_shovel":2,"minecraft:diamond_hoe":8,"minecraft:shield":2,"minecraft:iron_sword":315,"luminousworld:cooked_venison":3,"minecraft:rotten_flesh":2,"minecraft:torch":58,"minecraft:dirt":9,"minecraft:tuff":1,"minecraft:granite":10,"minecraft:oak_stairs":1,"minecraft:furnace":8,"tombstone:gift":2,"minecraft:cooked_beef":10,"minecraft:cobbled_deepslate":22,"minecraft:wheat_seeds":11,"minecraft:water_bucket":12,"minecraft:diorite":12,"minecraft:stone_pickaxe":513,"minecraft:oak_planks":5,"minecraft:leather_chestplate":1,"minecraft:wooden_pickaxe":30,"luminousworld:ishstone":1,"minecraft:golden_apple":1,"minecraft:crafting_table":11,"minecraft:white_bed":1,"minecraft:apple":9,"minecraft:bread":18,"minecraft:iron_pickaxe":154,"minecraft:leather_helmet":1,"minecraft:stone_axe":100,"minecraft:cobblestone":118,"minecraft:cooked_porkchop":5,"minecraft:bucket":11,"minecraft:yellow_bed":2},"minecraft:broken":{"minecraft:leather_helmet":1,"minecraft:stone_pickaxe":3,"aether:leather_gloves":1},"minecraft:picked_up":{"born_in_chaos_v1:diamond_termite_shard":1,"minecraft:crafting_table":9,"minecraft:wheat":90,"minecraft:chainmail_boots":2,"minecraft:flower_pot":1,"minecraft:leather_leggings":4,"minecraft:wooden_pickaxe":1,"minecraft:oak_stairs":2,"luminousworld:bao_bob_wood":1,"minecraft:enchanted_book":1,"alexsmobs:gazelle_horn":1,"minecraft:string":5,"minecraft:raw_copper":17,"minecraft:item_frame":2,"minecraft:iron_leggings":1,"minecraft:armor_stand":3,"minecraft:iron_shovel":1,"minecraft:experience_bottle":1,"minecraft:gold_nugget":44,"minecraft:cobbled_deepslate":119,"minecraft:beef":2,"minecraft:rose_bush":1,"minecraft:calcite":12,"minecraft:coal_block":8,"minecraft:sugar_cane":19,"minecraft:diamond_hoe":1,"minecraft:furnace":12,"minecraft:stick":5,"minecraft:raw_iron":53,"iceandfire:dragonscales_gray":4,"born_in_chaos_v1:shattered_skull":1,"minecraft:torch":13,"minecraft:acacia_log":1,"minecraft:spruce_fence":2,"minecraft:porkchop":12,"minecraft:pointed_dripstone":4,"tombstone:grave_dust":11,"minecraft:diorite":40,"minecraft:redstone":6,"minecraft:stone_pressure_plate":1,"minecraft:arrow":5,"minecraft:stone_sword":2,"minecraft:rotten_flesh":23,"minecraft:diamond_boots":3,"iceandfire:chared_dirt":4,"luminousworld:tall_deadbush":2,"supplementaries:ash":6,"minecraft:mutton":1,"minecraft:white_wool":8,"minecraft:cobblestone":232,"minecraft:skeleton_skull":2,"minecraft:bone_block":8,"born_in_chaos_v1:fused_bone":2,"minecraft:cracked_deepslate_tiles":1,"minecraft:leather_chestplate":2,"minecraft:cooked_beef":1,"minecraft:water_bucket":1,"minecraft:andesite":8,"luminousworld:ishstone":4,"minecraft:leather":5,"minecraft:tuff":2,"minecraft:oak_log":31,"minecraft:yellow_bed":2,"minecraft:gunpowder":4,"minecraft:lapis_lazuli":48,"minecraft:lantern":1,"minecraft:dirt":16,"tombstone:gift":1,"born_in_chaos_v1:marigolds":3,"minecraft:bone":20,"minecraft:apple":9,"minecraft:bow":1,"minecraft:wheat_seeds":153,"minecraft:raw_gold":8,"luminousworld:elephant_grass":4,"quark:glow_shroom":2,"minecraft:iron_ingot":6,"minecraft:bamboo":1,"minecraft:acacia_sapling":1,"minecraft:iron_sword":2,"iceandfire:chared_stone":3,"born_in_chaos_v1:ethereal_spirit":4,"minecraft:dandelion":1,"minecraft:white_bed":1,"alexsmobs:animal_dictionary":1,"minecraft:leather_helmet":3,"iceandfire:chared_cobblestone":7,"minecraft:bundle":1,"minecraft:deepslate":1,"luminousworld:cooked_venison":3,"minecraft:diamond":4,"minecraft:iron_helmet":1,"minecraft:granite":19,"minecraft:emerald":18,"minecraft:bread":1,"minecraft:chainmail_helmet":2,"luminousworld:bao_bob_log":4,"minecraft:coal":154,"iceandfire:raw_silver":8,"minecraft:ender_pearl":2}},"DataVersion":3465}