{"stats":{"minecraft:killed_by":{"minecraft:creeper":3,"minecraft:skeleton":1,"minecraft:zombie":1},"minecraft:custom":{"minecraft:blood":0,"lootr:looted_stat":53,"minecraft:mob_kills":101,"minecraft:dexterity":16,"minecraft:animals_bred":2,"minecraft:interact_with_crafting_table":15,"minecraft:open_barrel":1,"minecraft:damage_dealt_resisted":54,"minecraft:eat_cake_slice":6,"minecraft:leave_game":1,"minecraft:time_since_death":29303,"minecraft:climb_one_cm":8402,"minecraft:mana":120,"minecraft:magic_shield":27,"minecraft:sprint_one_cm":355002,"minecraft:walk_one_cm":379939,"minecraft:drop":55,"minecraft:health":277,"minecraft:play_time":162860,"minecraft:deaths":5,"minecraft:sneak_time":210,"minecraft:walk_under_water_one_cm":5531,"minecraft:jump":2309,"minecraft:energy":125,"minecraft:walk_on_water_one_cm":6313,"minecraft:total_world_time":162860,"minecraft:interact_with_furnace":2,"minecraft:intelligence":7,"minecraft:move_speed":8,"minecraft:sleep_in_bed":10,"minecraft:levels_gained":8,"minecraft:time_since_rest":22020,"minecraft:waystone_activated":3,"minecraft:damage_taken":4153,"minecraft:damage_absorbed":966,"minecraft:damage_dealt":6580,"minecraft:swim_one_cm":5862,"minecraft:fly_one_cm":457518,"minecraft:open_chest":12,"minecraft:crouch_one_cm":613,"minecraft:strength":12,"minecraft:fall_one_cm":58140},"minecraft:crafted":{"chococraft:gysahl_cake":1,"chococraft:chocobo_whistle":1,"minecraft:spruce_fence":1,"minecraft:chest":2,"minecraft:spruce_boat":1,"minecraft:wheat":1,"minecraft:sugar":2,"minecraft:crafting_table":2,"minecraft:spruce_planks":15,"minecraft:wooden_pickaxe":1,"chococraft:chocopedia":1,"minecraft:bucket":1,"minecraft:air":93,"minecraft:stick":3,"chococraft:chocobo_saddle":1},"minecraft:mined":{"minecraft:red_carpet":1,"minecraft:dark_oak_leaves":7,"minecraft:candle":1,"minecraft:potted_dead_bush":1,"minecraft:grass_block":32,"minecraft:chiseled_stone_bricks":1,"minecraft:hay_block":3,"minecraft:furnace":3,"chococraft:gysahl_green":61,"minecraft:flowering_azalea_leaves":1,"minecraft:red_bed":11,"minecraft:crafting_table":5,"minecraft:tall_grass":8,"minecraft:sugar_cane":7,"minecraft:pink_petals":1,"minecraft:spruce_log":6,"minecraft:yellow_bed":1,"minecraft:grass":15,"minecraft:dirt":20,"minecraft:cracked_stone_bricks":1},"minecraft:used":{"minecraft:spruce_planks":8,"minecraft:chest":2,"minecraft:dirt":1,"minecraft:spruce_boat":3,"minecraft:sweet_berries":9,"minecraft:furnace":3,"minecraft:water_bucket":3,"minecraft:baked_potato":1,"minecraft:sugar_cane":4,"minecraft:crafting_table":7,"minecraft:red_bed":8,"minecraft:apple":3,"chococraft:gysahl_green_seeds":26,"minecraft:bread":4,"minecraft:iron_pickaxe":12,"minecraft:stone_axe":126,"minecraft:fishing_rod":1,"minecraft:bucket":2,"chococraft:gysahl_green":10},"minecraft:killed":{"minecraft:vex":2,"minecraft:evoker":1,"minecraft:witch":10,"minecraft:vindicator":1,"minecraft:spider":15,"minecraft:horse":3,"minecraft:skeleton":13,"minecraft:axolotl":1,"minecraft:pig":2,"riskofrain_mobs:lemurian_entity":1,"minecraft:creeper":9,"minecraft:pillager":17,"minecraft:zombie":20,"minecraft:stray":1,"friendsandfoes:moobloom":1,"chococraft:chocobo":1},"minecraft:dropped":{"cte_essentials:leather_0_boots":1,"mmorpg:stat_soul":3,"minecraft:candle":3,"minecraft:porkchop":1,"minecraft:wheat_seeds":1,"minecraft:glass_bottle":3,"minecraft:cracked_stone_bricks":2,"minecraft:red_carpet":3,"minecraft:dirt":3,"illagerinvasion:platinum_chunk":10,"chococraft:chocobo_drumstick_raw":1,"minecraft:dead_bush":1,"minecraft:wooden_sword":3,"minecraft:pink_petals":8,"ftbquests:book":1,"minecraft:stone_axe":1,"minecraft:white_carpet":3,"minecraft:rotten_flesh":14,"minecraft:spruce_fence":3,"minecraft:flint_and_steel":1,"minecraft:chiseled_stone_bricks":2,"supplementaries:ash":2,"minecraft:potato":2,"minecraft:tipped_arrow":1,"farmersdelight:flint_knife":1,"minecraft:flower_pot":2,"minecraft:gunpowder":5,"doggytalents:rice_grains":4,"cte_essentials:cloth_0_chestplate":1,"minecraft:arrow":10,"minecraft:bow":1,"minecraft:wooden_pickaxe":1,"minecraft:beef":2,"chococraft:gysahl_green":41,"minecraft:egg":1},"minecraft:picked_up":{"chococraft:loverly_gysahl_green":8,"minecraft:crafting_table":5,"illagerinvasion:platinum_chunk":13,"minecraft:flower_pot":2,"cte_essentials:plate_2_helmet":1,"minecraft:shield":1,"cte_essentials:plate_0_helmet":1,"cte_essentials:cloth_0_leggings":1,"minecraft:string":9,"minecraft:red_bed":10,"minecraft:wooden_sword":2,"minecraft:white_carpet":3,"minecraft:cracked_stone_bricks":2,"minecraft:candle":3,"minecraft:beef":4,"minecraft:sugar_cane":19,"minecraft:furnace":3,"minecraft:egg":5,"minecraft:tipped_arrow":1,"minecraft:stick":4,"cte_essentials:cloth_0_chestplate":1,"minecraft:porkchop":2,"mmorpg:jewelry/necklace/iron":1,"minecraft:redstone":2,"minecraft:arrow":19,"minecraft:rotten_flesh":14,"minecraft:hay_block":3,"mmorpg:currency/level_up_orb":1,"minecraft:totem_of_undying":1,"supplementaries:ash":2,"chococraft:chocobo_drumstick_raw":2,"minecraft:pink_petals":8,"minecraft:leather":4,"naturesaura:birth_spirit":3,"minecraft:potato":1,"doggytalents:rice_grains":5,"minecraft:yellow_bed":1,"minecraft:gunpowder":5,"farmersdelight:flint_knife":1,"minecraft:dirt":56,"chococraft:chocobo_feather":2,"minecraft:red_carpet":3,"minecraft:bone":8,"chococraft:gysahl_green":143,"chococraft:gold_gysahl":1,"minecraft:wheat_seeds":2,"stalwart_dungeons:iron_hammer":1,"minecraft:iron_ingot":3,"minecraft:glass_bottle":3,"minecraft:glowstone_dust":7,"lightmanscurrency:coin_iron":25,"mmorpg:offhand/tome/wood":1,"cte_essentials:leather_0_boots":2,"minecraft:chiseled_stone_bricks":2,"mmorpg:stat_soul":5,"chococraft:gysahl_green_seeds":58,"minecraft:spruce_log":6,"minecraft:dead_bush":1,"lightmanscurrency:coin_copper":60,"minecraft:spruce_boat":2,"minecraft:emerald":5,"minecraft:baked_potato":1},"minecraft:broken":{"minecraft:golden_chestplate":1}},"DataVersion":3465}