{"stats":{"minecraft:custom":{"minecraft:time_since_rest":6860,"minecraft:blood":0,"minecraft:crouch_one_cm":220,"minecraft:magic_shield":0,"lootr:looted_stat":6,"minecraft:play_time":6860,"minecraft:sprint_one_cm":20560,"minecraft:damage_taken":98,"minecraft:damage_absorbed":42,"minecraft:walk_one_cm":11936,"minecraft:sneak_time":35,"minecraft:dexterity":0,"minecraft:jump":106,"minecraft:intelligence":0,"minecraft:energy":50,"minecraft:walk_on_water_one_cm":589,"minecraft:move_speed":0,"minecraft:leave_game":1,"minecraft:health":100,"minecraft:time_since_death":6860,"minecraft:strength":0,"minecraft:total_world_time":6860,"minecraft:fall_one_cm":5587,"minecraft:mana":50,"minecraft:interact_with_crafting_table":1,"minecraft:fly_one_cm":24354},"minecraft:crafted":{"minecraft:crafting_table":1,"minecraft:spruce_planks":4,"minecraft:stick":1,"minecraft:wooden_pickaxe":1,"minecraft:air":22},"minecraft:mined":{"minecraft:red_bed":1,"minecraft:spruce_log":6,"minecraft:crafting_table":1},"minecraft:used":{"minecraft:crafting_table":1},"minecraft:picked_up":{"minecraft:crafting_table":1,"minecraft:spruce_log":6,"minecraft:red_bed":1}},"DataVersion":3465}