{"stats":{"minecraft:killed_by":{"minecraft:skeleton":1,"minecraft:creeper":2,"minecraft:zombie":1},"minecraft:custom":{"minecraft:blood":0,"lootr:looted_stat":46,"minecraft:mob_kills":40,"minecraft:dexterity":0,"minecraft:intelligence":0,"minecraft:move_speed":0,"minecraft:interact_with_crafting_table":3,"minecraft:open_barrel":1,"minecraft:damage_dealt_resisted":0,"minecraft:eat_cake_slice":6,"minecraft:leave_game":1,"minecraft:time_since_death":2576,"minecraft:sleep_in_bed":3,"minecraft:levels_gained":5,"minecraft:mana":90,"minecraft:time_since_rest":2603,"minecraft:waystone_activated":1,"minecraft:magic_shield":0,"minecraft:sprint_one_cm":230470,"minecraft:damage_absorbed":412,"minecraft:damage_taken":2178,"minecraft:walk_one_cm":169251,"minecraft:drop":18,"minecraft:damage_dealt":2975,"minecraft:health":189,"minecraft:swim_one_cm":2157,"minecraft:fly_one_cm":287341,"minecraft:crouch_one_cm":334,"minecraft:play_time":78860,"minecraft:deaths":4,"minecraft:sneak_time":75,"minecraft:walk_under_water_one_cm":1266,"minecraft:jump":1409,"minecraft:energy":90,"minecraft:walk_on_water_one_cm":3754,"minecraft:strength":5,"minecraft:total_world_time":78860,"minecraft:fall_one_cm":32272},"minecraft:crafted":{"minecraft:crafting_table":1,"minecraft:spruce_planks":15,"minecraft:wooden_pickaxe":1,"minecraft:air":67,"minecraft:stick":1,"chococraft:chocobo_saddle":1,"minecraft:spruce_boat":1},"minecraft:mined":{"minecraft:red_carpet":1,"minecraft:red_bed":7,"minecraft:crafting_table":3,"minecraft:grass_block":3,"minecraft:pink_petals":1,"minecraft:furnace":3,"minecraft:spruce_log":6,"minecraft:yellow_bed":1,"minecraft:grass":1,"chococraft:gysahl_green":16},"minecraft:killed":{"riskofrain_mobs:lemurian_entity":1,"minecraft:spider":5,"minecraft:creeper":5,"minecraft:horse":3,"minecraft:skeleton":7,"minecraft:zombie":16,"friendsandfoes:moobloom":1,"chococraft:chocobo":1},"minecraft:used":{"minecraft:baked_potato":1,"minecraft:crafting_table":3,"minecraft:red_bed":3,"minecraft:spruce_boat":1,"minecraft:bread":1,"minecraft:iron_pickaxe":3,"minecraft:stone_axe":61,"minecraft:sweet_berries":9,"chococraft:gysahl_green":5},"minecraft:dropped":{"cte_essentials:leather_0_boots":1,"minecraft:white_carpet":3,"minecraft:rotten_flesh":10,"minecraft:flint_and_steel":1,"minecraft:red_carpet":3,"supplementaries:ash":2,"minecraft:potato":2,"minecraft:dirt":1,"farmersdelight:flint_knife":1,"minecraft:gunpowder":5,"minecraft:wooden_sword":1,"minecraft:arrow":4,"minecraft:wooden_pickaxe":1,"minecraft:pink_petals":8},"minecraft:picked_up":{"minecraft:pink_petals":8,"minecraft:crafting_table":3,"chococraft:loverly_gysahl_green":3,"minecraft:leather":4,"minecraft:potato":1,"minecraft:yellow_bed":1,"minecraft:shield":1,"minecraft:gunpowder":5,"minecraft:string":3,"farmersdelight:flint_knife":1,"minecraft:red_bed":7,"minecraft:dirt":1,"minecraft:wooden_sword":1,"chococraft:chocobo_feather":1,"minecraft:white_carpet":3,"minecraft:red_carpet":3,"minecraft:bone":3,"chococraft:gysahl_green":44,"minecraft:beef":2,"lightmanscurrency:coin_iron":22,"minecraft:furnace":3,"cte_essentials:cloth_0_chestplate":1,"cte_essentials:leather_0_boots":1,"mmorpg:stat_soul":1,"chococraft:gysahl_green_seeds":15,"minecraft:spruce_log":6,"lightmanscurrency:coin_copper":60,"minecraft:arrow":10,"minecraft:rotten_flesh":12,"minecraft:spruce_boat":1,"chococraft:chocobo_drumstick_raw":1,"minecraft:baked_potato":1,"supplementaries:ash":2},"minecraft:broken":{"minecraft:golden_chestplate":1}},"DataVersion":3465}