{"stats":{"minecraft:killed_by":{"minecraft:player":2,"minecraft:creeper":3,"minecraft:pillager":1,"minecraft:skeleton":2,"minecraft:zombie":2},"minecraft:custom":{"minecraft:blood":0,"lootr:looted_stat":70,"minecraft:mob_kills":166,"minecraft:dexterity":16,"minecraft:animals_bred":12,"minecraft:interact_with_crafting_table":24,"minecraft:open_barrel":1,"minecraft:damage_dealt_resisted":103,"minecraft:eat_cake_slice":6,"minecraft:leave_game":1,"minecraft:time_since_death":1521,"minecraft:climb_one_cm":9860,"minecraft:damage_resisted":0,"minecraft:mana":160,"minecraft:magic_shield":0,"minecraft:sprint_one_cm":602226,"minecraft:walk_one_cm":814438,"gateways:gates_defeated":2,"minecraft:drop":93,"minecraft:health":343,"minecraft:talked_to_villager":1,"minecraft:play_time":264860,"minecraft:deaths":10,"minecraft:sneak_time":372,"minecraft:walk_under_water_one_cm":7604,"minecraft:jump":3786,"minecraft:energy":160,"minecraft:walk_on_water_one_cm":7091,"minecraft:total_world_time":264860,"minecraft:interact_with_furnace":2,"minecraft:intelligence":7,"minecraft:move_speed":0,"minecraft:sleep_in_bed":16,"minecraft:levels_gained":12,"minecraft:time_since_rest":1561,"minecraft:waystone_activated":3,"minecraft:damage_taken":8657,"minecraft:damage_absorbed":1134,"minecraft:damage_dealt":12879,"minecraft:swim_one_cm":5947,"minecraft:fly_one_cm":775954,"minecraft:open_chest":34,"minecraft:crouch_one_cm":1551,"minecraft:strength":13,"minecraft:fall_one_cm":93113},"minecraft:crafted":{"chococraft:gysahl_cake":5,"chococraft:chocobo_whistle":1,"minecraft:spruce_fence":1,"minecraft:chest":2,"minecraft:spruce_boat":1,"sophisticatedbackpacks:iron_backpack":1,"minecraft:wheat":3,"minecraft:sugar":20,"chococraft:straw":1,"minecraft:crafting_table":2,"minecraft:spruce_planks":15,"minecraft:wooden_pickaxe":1,"chococraft:chocopedia":1,"minecraft:bucket":1,"minecraft:air":234,"minecraft:stick":3,"chococraft:chocobo_saddle":1,"chococraft:gysahl_green_seeds":114},"minecraft:mined":{"minecraft:red_carpet":1,"minecraft:dark_oak_leaves":7,"minecraft:candle":1,"minecraft:potted_dead_bush":1,"minecraft:grass_block":66,"minecraft:rooted_dirt":1,"minecraft:chiseled_stone_bricks":1,"minecraft:hay_block":3,"minecraft:furnace":3,"chococraft:gysahl_green":136,"minecraft:flowering_azalea_leaves":1,"minecraft:iron_bars":2,"minecraft:player_head":1,"minecraft:red_bed":11,"minecraft:powder_snow":1,"minecraft:crafting_table":5,"minecraft:tall_grass":14,"minecraft:sugar_cane":25,"minecraft:pink_petals":1,"minecraft:coarse_dirt":5,"minecraft:spruce_log":6,"minecraft:yellow_bed":1,"minecraft:grass":36,"minecraft:dirt":29,"minecraft:cracked_stone_bricks":1},"minecraft:killed":{"minecraft:vex":2,"minecraft:evoker":1,"minecraft:witch":20,"minecraft:vindicator":1,"minecraft:spider":19,"creeperoverhaul:snowy_creeper":2,"minecraft:horse":3,"minecraft:skeleton":21,"minecraft:axolotl":1,"minecraft:husk":5,"minecraft:pig":2,"minecraft:zombie_villager":1,"riskofrain_mobs:lemurian_entity":1,"minecraft:rabbit":1,"minecraft:creeper":12,"minecraft:pillager":17,"minecraft:zombie":46,"minecraft:stray":1,"friendsandfoes:moobloom":1,"chococraft:chocobo":1},"minecraft:used":{"stalwart_dungeons:iron_hammer":127,"minecraft:spruce_planks":8,"minecraft:chest":2,"minecraft:player_head":1,"minecraft:dirt":1,"betterarcheology:evoker_trap":1,"minecraft:spruce_boat":3,"minecraft:totem_of_undying":1,"chococraft:straw":1,"minecraft:sweet_berries":9,"minecraft:furnace":3,"minecraft:water_bucket":3,"minecraft:baked_potato":1,"minecraft:sugar_cane":10,"minecraft:crafting_table":7,"minecraft:red_bed":8,"minecraft:apple":3,"chococraft:gysahl_green_seeds":212,"minecraft:bread":6,"minecraft:iron_pickaxe":15,"minecraft:stone_axe":127,"minecraft:diamond_sword":34,"minecraft:fishing_rod":1,"betterarcheology:growth_totem":1,"minecraft:bucket":2,"chococraft:gysahl_green":39},"minecraft:dropped":{"cte_essentials:leather_0_boots":1,"mmorpg:stat_soul":4,"minecraft:candle":3,"minecraft:porkchop":2,"minecraft:wheat_seeds":3,"minecraft:glass_bottle":14,"minecraft:iron_helmet":1,"minecraft:cracked_stone_bricks":2,"minecraft:red_carpet":3,"minecraft:dirt":3,"illagerinvasion:platinum_chunk":13,"chococraft:chocobo_drumstick_raw":2,"minecraft:dead_bush":1,"minecraft:wooden_sword":4,"minecraft:sugar":4,"minecraft:pink_petals":8,"ftbquests:book":1,"mmorpg:rare_mats/farming/lesser":2,"minecraft:stone_axe":1,"mmorpg:gems/sapphire/1":1,"minecraft:white_carpet":3,"minecraft:rotten_flesh":81,"mmorpg:material/farming/0":1,"mmorpg:jewelry/necklace/iron":1,"minecraft:spruce_fence":3,"minecraft:pumpkin_seeds":3,"minecraft:flint_and_steel":1,"minecraft:chiseled_stone_bricks":2,"supplementaries:ash":8,"minecraft:potato":2,"mmorpg:currency/orb_of_quality":1,"minecraft:tipped_arrow":1,"farmersdelight:flint_knife":1,"minecraft:flower_pot":2,"minecraft:gunpowder":5,"cte_essentials:cloth_0_helmet":1,"minecraft:beetroot_seeds":3,"minecraft:melon_seeds":8,"minecraft:spider_eye":1,"doggytalents:rice_grains":6,"cte_essentials:cloth_0_chestplate":1,"minecraft:arrow":10,"minecraft:bow":2,"minecraft:wooden_pickaxe":1,"minecraft:beef":2,"stalwart_dungeons:wooden_hammer":1,"chococraft:gysahl_green":94,"cte_essentials:cloth_0_leggings":2,"minecraft:egg":1},"minecraft:picked_up":{"mmorpg:material/farming/0":2,"mmorpg:currency/orb_of_quality":2,"mmorpg:stone/2":3,"chococraft:loverly_gysahl_green":51,"minecraft:crafting_table":5,"minecraft:wheat":8,"illagerinvasion:platinum_chunk":13,"minecraft:flower_pot":2,"cte_essentials:plate_2_helmet":1,"minecraft:diamond_sword":3,"mmorpg:gems/sapphire/1":2,"minecraft:shield":2,"cte_essentials:plate_0_helmet":1,"cte_essentials:cloth_0_leggings":3,"minecraft:string":50,"minecraft:red_bed":10,"minecraft:wooden_sword":4,"minecraft:white_carpet":3,"minecraft:cracked_stone_bricks":2,"minecraft:candle":3,"minecraft:beef":4,"cte_essentials:cloth_0_helmet":1,"minecraft:player_head":1,"mmorpg:stone/0":40,"mmorpg:skill_gems/support/dex":1,"minecraft:sugar_cane":38,"minecraft:raw_iron":5,"mmorpg:currency/socket_adder":1,"minecraft:furnace":3,"minecraft:egg":8,"minecraft:tipped_arrow":1,"minecraft:stick":4,"cte_essentials:cloth_0_chestplate":1,"minecraft:porkchop":2,"mmorpg:currency/affix_tier_up_down":3,"mmorpg:jewelry/necklace/iron":3,"minecraft:trident":1,"minecraft:redstone":2,"minecraft:rabbit_foot":1,"minecraft:arrow":24,"minecraft:rotten_flesh":81,"minecraft:beetroot_seeds":3,"minecraft:hay_block":3,"mmorpg:currency/level_up_orb":3,"minecraft:totem_of_undying":2,"cte_essentials:cloth_1_leggings":1,"supplementaries:ash":8,"chococraft:chocobo_drumstick_raw":4,"minecraft:iron_bars":2,"minecraft:blaze_powder":4,"minecraft:pink_petals":8,"mmorpg:rare_mats/husbandry/lesser":3,"minecraft:leather":4,"naturesaura:birth_spirit":18,"minecraft:potato":1,"doggytalents:rice_grains":7,"minecraft:chainmail_chestplate":1,"minecraft:yellow_bed":1,"minecraft:gunpowder":37,"farmersdelight:flint_knife":1,"minecraft:dirt":92,"chococraft:chocobo_feather":17,"minecraft:red_carpet":3,"minecraft:bone":51,"chococraft:gysahl_green":638,"mmorpg:material/meat/0":3,"chococraft:gold_gysahl":11,"minecraft:bow":2,"minecraft:wheat_seeds":5,"stalwart_dungeons:iron_hammer":1,"cte_essentials:cloth_2_boots":1,"minecraft:iron_ingot":3,"mmorpg:rare_mats/farming/lesser":9,"minecraft:glass_bottle":14,"minecraft:glowstone_dust":18,"lightmanscurrency:coin_iron":46,"mmorpg:offhand/tome/wood":2,"cte_essentials:leather_0_boots":2,"minecraft:chiseled_stone_bricks":2,"betterarcheology:evoker_trap":1,"mmorpg:stat_soul":9,"chococraft:gysahl_green_seeds":132,"minecraft:spruce_log":6,"minecraft:dead_bush":1,"minecraft:spider_eye":1,"mmorpg:offhand/dodge/wood":1,"lightmanscurrency:coin_copper":127,"minecraft:pumpkin_seeds":3,"minecraft:sugar":8,"minecraft:spruce_boat":2,"betterarcheology:growth_totem":1,"minecraft:iron_helmet":1,"mmorpg:stone/1":2,"minecraft:bread":4,"minecraft:emerald":6,"minecraft:baked_potato":1,"minecraft:melon_seeds":8,"minecraft:coal":4},"minecraft:broken":{"minecraft:shield":2,"cte_essentials:leather_0_boots":1,"stalwart_dungeons:iron_hammer":1,"minecraft:golden_chestplate":1}},"DataVersion":3465}