{"stats":{"minecraft:killed_by":{"minecraft:creeper":3,"minecraft:skeleton":1,"minecraft:zombie":1},"minecraft:custom":{"minecraft:blood":0,"lootr:looted_stat":53,"minecraft:mob_kills":133,"minecraft:dexterity":16,"minecraft:animals_bred":12,"minecraft:interact_with_crafting_table":22,"minecraft:open_barrel":1,"minecraft:damage_dealt_resisted":103,"minecraft:eat_cake_slice":6,"minecraft:leave_game":1,"minecraft:time_since_death":107303,"minecraft:climb_one_cm":8546,"minecraft:mana":160,"minecraft:magic_shield":27,"minecraft:sprint_one_cm":558978,"minecraft:walk_one_cm":709397,"gateways:gates_defeated":2,"minecraft:drop":85,"minecraft:health":343,"minecraft:play_time":240860,"minecraft:deaths":5,"minecraft:sneak_time":361,"minecraft:walk_under_water_one_cm":5531,"minecraft:jump":3465,"minecraft:energy":159,"minecraft:walk_on_water_one_cm":6985,"minecraft:total_world_time":240860,"minecraft:interact_with_furnace":2,"minecraft:intelligence":7,"minecraft:move_speed":8,"minecraft:sleep_in_bed":16,"minecraft:levels_gained":11,"minecraft:time_since_rest":12780,"minecraft:waystone_activated":3,"minecraft:damage_taken":5770,"minecraft:damage_absorbed":1080,"minecraft:damage_dealt":9111,"minecraft:swim_one_cm":5862,"minecraft:fly_one_cm":713904,"minecraft:open_chest":32,"minecraft:crouch_one_cm":1490,"minecraft:strength":15,"minecraft:fall_one_cm":85771},"minecraft:crafted":{"chococraft:gysahl_cake":5,"chococraft:chocobo_whistle":1,"minecraft:spruce_fence":1,"minecraft:chest":2,"minecraft:spruce_boat":1,"sophisticatedbackpacks:iron_backpack":1,"minecraft:wheat":3,"minecraft:sugar":20,"chococraft:straw":1,"minecraft:crafting_table":2,"minecraft:spruce_planks":15,"minecraft:wooden_pickaxe":1,"chococraft:chocopedia":1,"minecraft:bucket":1,"minecraft:air":234,"minecraft:stick":3,"chococraft:chocobo_saddle":1,"chococraft:gysahl_green_seeds":114},"minecraft:mined":{"minecraft:red_carpet":1,"minecraft:dark_oak_leaves":7,"minecraft:candle":1,"minecraft:potted_dead_bush":1,"minecraft:grass_block":66,"minecraft:rooted_dirt":1,"minecraft:chiseled_stone_bricks":1,"minecraft:hay_block":3,"minecraft:furnace":3,"chococraft:gysahl_green":136,"minecraft:flowering_azalea_leaves":1,"minecraft:red_bed":11,"minecraft:crafting_table":5,"minecraft:tall_grass":14,"minecraft:sugar_cane":25,"minecraft:pink_petals":1,"minecraft:coarse_dirt":5,"minecraft:spruce_log":6,"minecraft:yellow_bed":1,"minecraft:grass":35,"minecraft:dirt":29,"minecraft:cracked_stone_bricks":1},"minecraft:killed":{"minecraft:vex":2,"minecraft:evoker":1,"minecraft:witch":20,"minecraft:vindicator":1,"minecraft:spider":15,"creeperoverhaul:snowy_creeper":1,"minecraft:horse":3,"minecraft:skeleton":14,"minecraft:axolotl":1,"minecraft:husk":5,"minecraft:pig":2,"riskofrain_mobs:lemurian_entity":1,"minecraft:creeper":9,"minecraft:pillager":17,"minecraft:zombie":33,"minecraft:stray":1,"friendsandfoes:moobloom":1,"chococraft:chocobo":1},"minecraft:used":{"stalwart_dungeons:iron_hammer":43,"minecraft:spruce_planks":8,"minecraft:chest":2,"minecraft:dirt":1,"betterarcheology:evoker_trap":1,"minecraft:spruce_boat":3,"chococraft:straw":1,"minecraft:sweet_berries":9,"minecraft:furnace":3,"minecraft:water_bucket":3,"minecraft:baked_potato":1,"minecraft:sugar_cane":10,"minecraft:crafting_table":7,"minecraft:red_bed":8,"minecraft:apple":3,"chococraft:gysahl_green_seeds":212,"minecraft:bread":6,"minecraft:iron_pickaxe":12,"minecraft:stone_axe":127,"minecraft:fishing_rod":1,"betterarcheology:growth_totem":1,"minecraft:bucket":2,"chococraft:gysahl_green":39},"minecraft:dropped":{"cte_essentials:leather_0_boots":1,"mmorpg:stat_soul":4,"minecraft:candle":3,"minecraft:porkchop":2,"minecraft:wheat_seeds":3,"minecraft:glass_bottle":14,"minecraft:cracked_stone_bricks":2,"minecraft:red_carpet":3,"minecraft:dirt":3,"illagerinvasion:platinum_chunk":13,"chococraft:chocobo_drumstick_raw":2,"minecraft:dead_bush":1,"minecraft:wooden_sword":3,"minecraft:sugar":4,"minecraft:pink_petals":8,"ftbquests:book":1,"mmorpg:rare_mats/farming/lesser":2,"minecraft:stone_axe":1,"mmorpg:gems/sapphire/1":1,"minecraft:white_carpet":3,"minecraft:rotten_flesh":76,"mmorpg:material/farming/0":1,"minecraft:spruce_fence":3,"minecraft:pumpkin_seeds":3,"minecraft:flint_and_steel":1,"minecraft:chiseled_stone_bricks":2,"supplementaries:ash":8,"minecraft:potato":2,"mmorpg:currency/orb_of_quality":1,"minecraft:tipped_arrow":1,"farmersdelight:flint_knife":1,"minecraft:flower_pot":2,"minecraft:gunpowder":5,"minecraft:beetroot_seeds":3,"minecraft:melon_seeds":8,"doggytalents:rice_grains":6,"cte_essentials:cloth_0_chestplate":1,"minecraft:arrow":10,"minecraft:bow":1,"minecraft:wooden_pickaxe":1,"minecraft:beef":2,"stalwart_dungeons:wooden_hammer":1,"chococraft:gysahl_green":94,"cte_essentials:cloth_0_leggings":1,"minecraft:egg":1},"minecraft:picked_up":{"mmorpg:material/farming/0":2,"mmorpg:currency/orb_of_quality":2,"mmorpg:stone/2":3,"chococraft:loverly_gysahl_green":51,"minecraft:crafting_table":5,"minecraft:wheat":8,"illagerinvasion:platinum_chunk":13,"minecraft:flower_pot":2,"cte_essentials:plate_2_helmet":1,"mmorpg:gems/sapphire/1":2,"minecraft:shield":2,"cte_essentials:plate_0_helmet":1,"cte_essentials:cloth_0_leggings":3,"minecraft:string":45,"minecraft:red_bed":10,"minecraft:wooden_sword":2,"minecraft:white_carpet":3,"minecraft:cracked_stone_bricks":2,"minecraft:candle":3,"minecraft:beef":4,"mmorpg:stone/0":40,"minecraft:sugar_cane":38,"mmorpg:currency/socket_adder":1,"minecraft:furnace":3,"minecraft:egg":8,"minecraft:tipped_arrow":1,"minecraft:stick":4,"cte_essentials:cloth_0_chestplate":1,"minecraft:porkchop":2,"mmorpg:currency/affix_tier_up_down":3,"mmorpg:jewelry/necklace/iron":1,"minecraft:redstone":2,"minecraft:arrow":19,"minecraft:rotten_flesh":76,"minecraft:beetroot_seeds":3,"minecraft:hay_block":3,"mmorpg:currency/level_up_orb":3,"minecraft:totem_of_undying":1,"supplementaries:ash":8,"chococraft:chocobo_drumstick_raw":4,"minecraft:blaze_powder":4,"minecraft:pink_petals":8,"mmorpg:rare_mats/husbandry/lesser":3,"minecraft:leather":4,"naturesaura:birth_spirit":18,"minecraft:potato":1,"doggytalents:rice_grains":7,"minecraft:yellow_bed":1,"minecraft:gunpowder":36,"farmersdelight:flint_knife":1,"minecraft:dirt":92,"chococraft:chocobo_feather":17,"minecraft:red_carpet":3,"minecraft:bone":44,"chococraft:gysahl_green":638,"mmorpg:material/meat/0":3,"chococraft:gold_gysahl":11,"minecraft:wheat_seeds":4,"stalwart_dungeons:iron_hammer":1,"minecraft:iron_ingot":3,"mmorpg:rare_mats/farming/lesser":9,"minecraft:glass_bottle":14,"minecraft:glowstone_dust":18,"lightmanscurrency:coin_iron":25,"mmorpg:offhand/tome/wood":1,"cte_essentials:leather_0_boots":2,"minecraft:chiseled_stone_bricks":2,"betterarcheology:evoker_trap":1,"mmorpg:stat_soul":8,"chococraft:gysahl_green_seeds":132,"minecraft:spruce_log":6,"minecraft:dead_bush":1,"mmorpg:offhand/dodge/wood":1,"lightmanscurrency:coin_copper":60,"minecraft:pumpkin_seeds":3,"minecraft:sugar":8,"minecraft:spruce_boat":2,"betterarcheology:growth_totem":1,"mmorpg:stone/1":2,"minecraft:bread":4,"minecraft:emerald":5,"minecraft:baked_potato":1,"minecraft:melon_seeds":8,"minecraft:coal":4},"minecraft:broken":{"minecraft:shield":2,"minecraft:golden_chestplate":1}},"DataVersion":3465}