{"stats":{"minecraft:mined":{"minecraft:diamond_ore":2,"iceandfire:silver_ore":7,"minecraft:deepslate_diamond_ore":1,"minecraft:crafting_table":2,"minecraft:torch":3,"minecraft:granite":10,"minecraft:emerald_ore":11,"minecraft:grass_block":1,"luminousworld:grassvariant_2":1,"minecraft:copper_ore":4,"minecraft:cobblestone":4,"minecraft:lapis_ore":4,"minecraft:sugar_cane":2,"minecraft:diorite":40,"minecraft:wall_torch":1,"minecraft:furnace":3,"minecraft:iron_ore":4,"minecraft:andesite":8,"minecraft:grass":2,"minecraft:coal_ore":40,"minecraft:pointed_dripstone":2,"minecraft:oak_log":6,"luminousworld:ishstone":1,"iceandfire:gold_pile":1,"minecraft:deepslate_iron_ore":12,"minecraft:gravel":1,"minecraft:stone":136,"minecraft:oak_leaves":1,"minecraft:deepslate":1},"minecraft:killed_by":{"mowziesmobs:ferrous_wroughtnaut":1,"born_in_chaos_v1:corpse_fly":1},"minecraft:killed":{"born_in_chaos_v1:maggot":1,"mowziesmobs:ferrous_wroughtnaut":1,"minecraft:zombie":2,"born_in_chaos_v1:corpse_fly":2,"enemyexpansion:botfly":1},"minecraft:crafted":{"iceandfire:armor_gray_boots":1,"minecraft:oak_planks":24,"minecraft:crafting_table":1,"minecraft:wooden_pickaxe":1,"minecraft:stone_axe":1,"minecraft:air":0,"minecraft:leather":1,"minecraft:stick":20,"minecraft:iron_pickaxe":1,"minecraft:stone_pickaxe":3,"minecraft:torch":8},"minecraft:custom":{"minecraft:interact_with_furnace":9,"minecraft:mob_kills":7,"minecraft:interact_with_crafting_table":11,"minecraft:open_barrel":1,"minecraft:time_since_death":270,"minecraft:sleep_in_bed":1,"minecraft:time_since_rest":1,"minecraft:sprint_one_cm":63662,"minecraft:damage_taken":1060,"minecraft:walk_one_cm":179368,"minecraft:damage_dealt":1189,"minecraft:swim_one_cm":4509,"minecraft:fly_one_cm":39689,"minecraft:open_chest":5,"minecraft:deaths":3,"minecraft:crouch_one_cm":15149,"minecraft:play_time":32535,"tombstone:undead_killed":2,"minecraft:sneak_time":3504,"minecraft:walk_under_water_one_cm":1031,"minecraft:jump":553,"minecraft:walk_on_water_one_cm":3821,"minecraft:total_world_time":32535,"minecraft:fall_one_cm":13761},"minecraft:used":{"minecraft:stone_pickaxe":260,"minecraft:wooden_pickaxe":12,"minecraft:iron_sword":3,"luminousworld:cooked_venison":3,"luminousworld:ishstone":1,"minecraft:rotten_flesh":2,"minecraft:torch":12,"minecraft:crafting_table":3,"minecraft:iron_pickaxe":23,"minecraft:stone_axe":19,"minecraft:cobblestone":38,"minecraft:furnace":3},"minecraft:broken":{"minecraft:stone_pickaxe":2},"minecraft:picked_up":{"minecraft:crafting_table":2,"minecraft:andesite":8,"luminousworld:ishstone":1,"minecraft:leather":3,"minecraft:oak_stairs":1,"minecraft:oak_log":6,"minecraft:lapis_lazuli":23,"minecraft:dirt":1,"minecraft:raw_copper":17,"minecraft:gold_nugget":44,"minecraft:iron_ingot":3,"minecraft:sugar_cane":5,"minecraft:iron_sword":1,"minecraft:furnace":3,"minecraft:stick":2,"minecraft:raw_iron":15,"iceandfire:dragonscales_gray":4,"minecraft:torch":4,"tombstone:grave_dust":1,"minecraft:pointed_dripstone":4,"minecraft:diorite":40,"minecraft:rotten_flesh":4,"luminousworld:cooked_venison":3,"minecraft:diamond":3,"minecraft:granite":10,"minecraft:emerald":11,"supplementaries:ash":1,"minecraft:coal":62,"minecraft:skeleton_skull":1,"iceandfire:raw_silver":7,"minecraft:cobblestone":139}},"DataVersion":3465}