{"stats":{"minecraft:killed_by":{"born_in_chaos_v1:corpse_fly":1,"mowziesmobs:ferrous_wroughtnaut":1,"undead_revamp2:bomber":1,"minecraft:zombie":1,"iceandfire:fire_dragon":4},"minecraft:mined":{"minecraft:diamond_ore":2,"minecraft:tuff":10,"minecraft:white_bed":1,"iceandfire:silver_ore":9,"minecraft:deepslate_diamond_ore":1,"minecraft:sculk_vein":6,"minecraft:granite":16,"luminousworld:bao_bob_wood":1,"minecraft:grass_block":5,"minecraft:spruce_fence":2,"luminousworld:grassvariant_2":2,"minecraft:coal_block":8,"iceandfire:chared_dirt":5,"minecraft:potted_bamboo":1,"luminousworld:savanna_grass_2":7,"minecraft:sculk_catalyst":2,"minecraft:furnace":10,"minecraft:iron_ore":19,"minecraft:cobbled_deepslate":1,"minecraft:fire":25,"minecraft:andesite":8,"minecraft:pointed_dripstone":2,"iceandfire:gold_pile":3,"minecraft:deepslate_iron_ore":14,"minecraft:stone":216,"minecraft:white_wool":9,"iceandfire:chared_cobblestone":8,"minecraft:acacia_leaves":1,"luminousworld:tall_deadbush":2,"luminousworld:savannah_grass_1":7,"minecraft:crafting_table":7,"minecraft:torch":3,"minecraft:emerald_ore":14,"minecraft:tall_grass":3,"minecraft:copper_ore":4,"minecraft:cobblestone":11,"minecraft:lapis_ore":4,"minecraft:sugar_cane":13,"placeablesmod:bread_full_block":1,"minecraft:diorite":40,"minecraft:wall_torch":2,"supplementaries:urn":4,"minecraft:wheat":11,"luminousworld:bao_bob_log":3,"minecraft:grass":5,"minecraft:oak_log":32,"minecraft:coal_ore":49,"luminousworld:ishstone":6,"minecraft:gravel":4,"minecraft:dirt":10,"minecraft:cobweb":1,"luminousworld:elephant_grass":2,"luminousworld:savannah_grass_4":15,"minecraft:oak_leaves":6,"minecraft:deepslate":153,"iceandfire:chared_stone":11},"minecraft:killed":{"undead_revamp2:thewolf":3,"minecraft:cave_spider":1,"born_in_chaos_v1:restless_spirit":2,"enemyexpansion:direwolf":1,"born_in_chaos_v1:siamese_skeletonsright":1,"born_in_chaos_v1:maggot":1,"minecraft:skeleton":2,"mowziesmobs:ferrous_wroughtnaut":1,"luminousworld:savannah_zombie":1,"minecraft:pig":5,"earthmobsmod:bouldering_zombie":1,"born_in_chaos_v1:diamond_termite":1,"born_in_chaos_v1:baby_skeleton":1,"born_in_chaos_v1:spirit_guide_assistant":4,"undead_revamp2:the_moonflower":3,"enemyexpansion:sprinter":1,"born_in_chaos_v1:decrepit_skeleton":2,"luminousworld:savannah_skeleton":1,"minecraft:zombie":11,"iceandfire:ghost":3,"alexsmobs:gazelle":2,"born_in_chaos_v1:corpse_fly":2,"enemyexpansion:botfly":2,"bettermobs:capivara":2,"creeperoverhaul:savannah_creeper":1,"born_in_chaos_v1:siamese_skeletonsleft":1},"minecraft:custom":{"minecraft:mob_kills":57,"minecraft:interact_with_crafting_table":29,"minecraft:open_barrel":6,"minecraft:damage_dealt_resisted":97,"minecraft:leave_game":1,"minecraft:time_since_death":2525,"minecraft:climb_one_cm":756,"minecraft:sprint_one_cm":219324,"minecraft:walk_one_cm":649098,"minecraft:drop":77,"minecraft:play_time":117947,"minecraft:deaths":10,"minecraft:sneak_time":14872,"minecraft:walk_under_water_one_cm":10705,"minecraft:jump":2059,"minecraft:walk_on_water_one_cm":17999,"minecraft:total_world_time":117947,"minecraft:interact_with_furnace":19,"minecraft:sleep_in_bed":3,"minecraft:time_since_rest":1824,"minecraft:damage_taken":4883,"minecraft:damage_absorbed":40,"minecraft:damage_dealt":12609,"minecraft:swim_one_cm":13635,"minecraft:fly_one_cm":212476,"minecraft:open_chest":25,"minecraft:crouch_one_cm":51232,"tombstone:undead_killed":35,"minecraft:fall_one_cm":38185},"minecraft:crafted":{"minecraft:oak_planks":68,"minecraft:leather":5,"minecraft:stone_pickaxe":5,"iceandfire:armor_gray_boots":1,"sophisticatedbackpacks:backpack":2,"minecraft:cooked_porkchop":5,"minecraft:crafting_table":3,"minecraft:wooden_pickaxe":2,"minecraft:stone_axe":2,"minecraft:bread":35,"minecraft:air":0,"minecraft:string":4,"minecraft:iron_chestplate":1,"minecraft:stick":52,"quark:oak_chest":2,"minecraft:iron_ingot":1,"minecraft:iron_pickaxe":1,"minecraft:acacia_planks":4,"minecraft:torch":60},"minecraft:dropped":{"iceandfire:chared_stone":1,"minecraft:enchanted_book":1,"minecraft:iron_ingot":1,"iceandfire:raw_silver":4,"minecraft:wheat_seeds":142,"born_in_chaos_v1:shattered_skull":1,"quark:glow_shroom":2,"minecraft:cobblestone":13,"minecraft:lantern":1,"minecraft:chainmail_helmet":2,"minecraft:leather_helmet":3,"minecraft:coal":5,"minecraft:item_frame":2,"minecraft:stick":2,"minecraft:cobweb":3,"luminousworld:bao_bob_wood":1,"minecraft:mutton":1,"minecraft:rose_bush":1,"minecraft:cracked_deepslate_tiles":1,"minecraft:oak_stairs":1,"minecraft:acacia_planks":4,"minecraft:armor_stand":3,"minecraft:dandelion":1,"minecraft:bone":1,"minecraft:stone_axe":1,"alexsmobs:gazelle_horn":1,"luminousworld:bao_bob_log":4,"minecraft:iron_nugget":10,"minecraft:stone_sword":2,"alexsmobs:animal_dictionary":1,"minecraft:cobbled_deepslate":9,"minecraft:raw_copper":17,"minecraft:wheat":2,"minecraft:pointed_dripstone":4,"luminousworld:tall_deadbush":2,"minecraft:oak_planks":2,"minecraft:spruce_fence":2,"minecraft:leather_chestplate":2,"supplementaries:ash":2,"minecraft:bundle":1,"iceandfire:chared_cobblestone":4,"minecraft:andesite":8,"minecraft:acacia_sapling":1,"minecraft:chainmail_boots":2,"minecraft:leather_leggings":3,"minecraft:stone_pressure_plate":1,"minecraft:bamboo":1,"minecraft:diamond_boots":1,"luminousworld:elephant_grass":4,"minecraft:wooden_pickaxe":2,"minecraft:stone_pickaxe":1,"born_in_chaos_v1:marigolds":3},"minecraft:used":{"minecraft:iron_shovel":2,"minecraft:diamond_hoe":8,"minecraft:iron_sword":237,"luminousworld:cooked_venison":3,"minecraft:rotten_flesh":2,"minecraft:torch":30,"minecraft:dirt":9,"minecraft:tuff":1,"minecraft:granite":10,"minecraft:oak_stairs":1,"minecraft:furnace":6,"tombstone:gift":2,"minecraft:cooked_beef":10,"minecraft:cobbled_deepslate":3,"minecraft:wheat_seeds":11,"minecraft:water_bucket":6,"minecraft:diorite":12,"minecraft:stone_pickaxe":499,"minecraft:oak_planks":5,"minecraft:leather_chestplate":1,"minecraft:wooden_pickaxe":30,"luminousworld:ishstone":1,"minecraft:golden_apple":1,"minecraft:crafting_table":10,"minecraft:white_bed":1,"minecraft:apple":9,"minecraft:bread":10,"minecraft:iron_pickaxe":116,"minecraft:leather_helmet":1,"minecraft:stone_axe":100,"minecraft:cobblestone":118,"minecraft:cooked_porkchop":5,"minecraft:bucket":5},"minecraft:broken":{"minecraft:stone_pickaxe":3,"aether:leather_gloves":1},"minecraft:picked_up":{"born_in_chaos_v1:diamond_termite_shard":1,"minecraft:crafting_table":7,"minecraft:wheat":88,"minecraft:chainmail_boots":2,"minecraft:flower_pot":1,"minecraft:leather_leggings":4,"minecraft:wooden_pickaxe":1,"minecraft:oak_stairs":2,"luminousworld:bao_bob_wood":1,"minecraft:enchanted_book":1,"alexsmobs:gazelle_horn":1,"minecraft:string":5,"minecraft:raw_copper":17,"minecraft:item_frame":2,"minecraft:iron_leggings":1,"minecraft:armor_stand":3,"minecraft:iron_shovel":1,"minecraft:experience_bottle":1,"minecraft:gold_nugget":44,"minecraft:cobbled_deepslate":103,"minecraft:beef":2,"minecraft:rose_bush":1,"minecraft:calcite":12,"minecraft:coal_block":8,"minecraft:sugar_cane":19,"minecraft:diamond_hoe":1,"minecraft:furnace":10,"minecraft:stick":5,"minecraft:raw_iron":32,"iceandfire:dragonscales_gray":4,"born_in_chaos_v1:shattered_skull":1,"minecraft:torch":8,"minecraft:acacia_log":1,"minecraft:spruce_fence":2,"minecraft:porkchop":12,"minecraft:pointed_dripstone":4,"tombstone:grave_dust":11,"minecraft:diorite":40,"minecraft:redstone":6,"minecraft:stone_pressure_plate":1,"minecraft:arrow":1,"minecraft:stone_sword":2,"minecraft:rotten_flesh":19,"minecraft:diamond_boots":3,"iceandfire:chared_dirt":4,"luminousworld:tall_deadbush":2,"supplementaries:ash":2,"minecraft:mutton":1,"minecraft:white_wool":8,"minecraft:cobblestone":232,"minecraft:skeleton_skull":2,"minecraft:bone_block":8,"born_in_chaos_v1:fused_bone":2,"minecraft:cracked_deepslate_tiles":1,"minecraft:leather_chestplate":2,"minecraft:cooked_beef":1,"minecraft:water_bucket":1,"minecraft:andesite":8,"luminousworld:ishstone":4,"minecraft:leather":5,"minecraft:tuff":1,"minecraft:oak_log":31,"minecraft:gunpowder":2,"minecraft:lapis_lazuli":23,"minecraft:lantern":1,"minecraft:dirt":16,"tombstone:gift":1,"born_in_chaos_v1:marigolds":3,"minecraft:bone":5,"minecraft:apple":9,"minecraft:bow":1,"minecraft:wheat_seeds":153,"luminousworld:elephant_grass":4,"quark:glow_shroom":2,"minecraft:iron_ingot":3,"minecraft:bamboo":1,"minecraft:acacia_sapling":1,"minecraft:iron_sword":2,"iceandfire:chared_stone":3,"born_in_chaos_v1:ethereal_spirit":4,"minecraft:dandelion":1,"minecraft:white_bed":1,"alexsmobs:animal_dictionary":1,"minecraft:leather_helmet":3,"iceandfire:chared_cobblestone":7,"minecraft:bundle":1,"luminousworld:cooked_venison":3,"minecraft:diamond":3,"minecraft:iron_helmet":1,"minecraft:granite":19,"minecraft:emerald":18,"minecraft:bread":1,"minecraft:chainmail_helmet":2,"luminousworld:bao_bob_log":4,"minecraft:coal":88,"iceandfire:raw_silver":8,"minecraft:ender_pearl":1}},"DataVersion":3465}