{"stats":{"minecraft:mined":{"iceandfire:silver_ore":1,"luminousworld:grassvariant_4":4,"minecraft:deepslate_diamond_ore":8,"born_in_chaos_v1:infected_diamond_ore":1,"minecraft:cave_vines_plant":7,"minecraft:granite":17,"minecraft:acacia_log":7,"minecraft:grass_block":1,"luminousworld:grassvariant_2":1,"minecraft:coal_block":16,"luminousworld:savanna_grass_2":1,"minecraft:tall_seagrass":2,"minecraft:iron_ore":5,"minecraft:fire":18,"minecraft:cobbled_deepslate":3,"minecraft:andesite":2,"minecraft:moss_carpet":1,"minecraft:deepslate_lapis_ore":3,"minecraft:cave_vines":5,"iceandfire:gold_pile":6,"minecraft:deepslate_iron_ore":12,"minecraft:stone":71,"minecraft:iron_block":1,"minecraft:oak_slab":1,"minecraft:acacia_leaves":5,"minecraft:crafting_table":1,"minecraft:melon":8,"minecraft:tall_grass":5,"minecraft:cobblestone":16,"minecraft:deepslate_gold_ore":3,"minecraft:cyan_bed":1,"minecraft:oak_planks":2,"minecraft:diorite":1,"minecraft:seagrass":1,"minecraft:spruce_stairs":1,"minecraft:yellow_bed":3,"minecraft:grass":18,"minecraft:oak_log":35,"luminousworld:ishstone":8,"minecraft:sunflower":1,"minecraft:dirt":4,"luminousworld:grassvariant_3":1,"luminousworld:savannah_grass_4":2,"minecraft:oak_leaves":24,"minecraft:deepslate":12},"minecraft:killed":{"naturalist:rattlesnake":1,"alexsmobs:lobster":3,"luminousworld:swallowtail":1,"enemyexpansion:direwolf":4,"born_in_chaos_v1:maggot":1,"naturalist:snail":2,"minecraft:skeleton":1,"quark:crab":1,"alexsmobs:bison":1,"undead_revamp2:sucker":3,"luminousworld:charaxes":1,"alexsmobs:flying_fish":1,"artifacts:mimic":1,"minecraft:pig":4,"minecraft:salmon":4,"undead_revamp2:the_moonflower":1,"luminousworld:crab":2,"alexsmobs:catfish":1,"luminousworld:savannah_skeleton":1,"undead_revamp2:thesomnolence":1,"alexsmobs:crocodile":1,"minecraft:zombie":10,"iceandfire:ghost":1,"enemyexpansion:huntsman":1,"luminousworld:zebra":1,"minecraft:cow":8},"minecraft:crafted":{"minecraft:oak_door":3,"minecraft:oak_planks":132,"minecraft:coal":18,"quark:acacia_chest":1,"minecraft:iron_axe":1,"minecraft:stone_pickaxe":1,"minecraft:golden_boots":1,"minecraft:cooked_beef":4,"minecraft:diamond_sword":1,"minecraft:cooked_porkchop":3,"minecraft:crafting_table":2,"minecraft:wooden_pickaxe":1,"minecraft:iron_helmet":1,"minecraft:bucket":1,"minecraft:air":0,"minecraft:iron_chestplate":1,"minecraft:stick":20,"minecraft:iron_ingot":38,"minecraft:iron_pickaxe":1,"minecraft:wooden_axe":1,"minecraft:gold_ingot":21,"minecraft:acacia_planks":20,"minecraft:torch":24},"minecraft:dropped":{"minecraft:bread":2,"minecraft:iron_sword":1,"minecraft:golden_helmet":1,"minecraft:book":2,"minecraft:leather":11,"minecraft:spruce_stairs":1,"minecraft:item_frame":2,"minecraft:melon_slice":2,"minecraft:string":6,"minecraft:moss_carpet":1,"undead_revamp2:arapholia":1,"minecraft:oak_planks":9,"minecraft:gunpowder":1,"minecraft:bundle":2,"born_in_chaos_v1:diamond_termite_shard":1,"minecraft:golden_leggings":1,"minecraft:wooden_pickaxe":1},"minecraft:custom":{"minecraft:interact_with_smithing_table":2,"minecraft:mob_kills":59,"minecraft:interact_with_crafting_table":19,"minecraft:open_barrel":3,"minecraft:damage_dealt_resisted":10,"minecraft:eat_cake_slice":5,"minecraft:leave_game":2,"minecraft:time_since_death":65543,"minecraft:climb_one_cm":3644,"minecraft:sprint_one_cm":279438,"minecraft:walk_one_cm":242583,"minecraft:drop":31,"minecraft:talked_to_villager":1,"minecraft:play_time":65543,"minecraft:sneak_time":5392,"minecraft:walk_under_water_one_cm":8705,"minecraft:jump":2625,"minecraft:walk_on_water_one_cm":11431,"minecraft:total_world_time":65543,"minecraft:interact_with_furnace":37,"minecraft:interact_with_cartography_table":1,"minecraft:sleep_in_bed":1,"minecraft:time_since_rest":13150,"minecraft:damage_taken":1700,"minecraft:trigger_trapped_chest":1,"minecraft:damage_dealt":7729,"tombstone:cast_on_ally":1,"minecraft:swim_one_cm":37758,"minecraft:fly_one_cm":524099,"minecraft:open_chest":43,"minecraft:crouch_one_cm":29814,"tombstone:undead_killed":18,"minecraft:fall_one_cm":82387},"minecraft:used":{"minecraft:acacia_log":1,"minecraft:armor_stand":5,"minecraft:iron_sword":29,"minecraft:oak_door":2,"minecraft:torch":22,"minecraft:dirt":4,"minecraft:axolotl_bucket":1,"minecraft:granite":16,"minecraft:wooden_axe":35,"alexsmobs:lobster_tail":3,"minecraft:lantern":2,"minecraft:iron_axe":35,"minecraft:item_frame":1,"minecraft:beef":3,"minecraft:oak_sapling":1,"tombstone:gift":2,"minecraft:cooked_beef":4,"minecraft:acacia_planks":2,"minecraft:cobbled_deepslate":15,"minecraft:golden_boots":1,"minecraft:stone_pickaxe":30,"minecraft:oak_planks":128,"minecraft:wooden_pickaxe":10,"luminousworld:ishstone":8,"minecraft:salmon":4,"minecraft:glow_berries":9,"minecraft:oak_slab":1,"minecraft:crafting_table":3,"quark:acacia_chest":1,"minecraft:cod":4,"minecraft:apple":5,"minecraft:cyan_bed":1,"minecraft:bread":6,"minecraft:melon_slice":45,"minecraft:iron_pickaxe":167,"tombstone:magic_scroll":2,"minecraft:golden_leggings":2,"minecraft:golden_helmet":1,"minecraft:diamond_sword":148,"minecraft:cobblestone":83,"minecraft:cooked_porkchop":3,"minecraft:bucket":2,"minecraft:andesite":1,"minecraft:yellow_bed":2,"minecraft:golden_pickaxe":1},"minecraft:broken":{"minecraft:wooden_axe":1},"minecraft:picked_up":{"born_in_chaos_v1:diamond_termite_shard":2,"minecraft:crafting_table":1,"minecraft:golden_pickaxe":1,"minecraft:wooden_pickaxe":1,"minecraft:enchanted_book":2,"minecraft:string":1,"minecraft:moss_carpet":1,"minecraft:armor_stand":5,"minecraft:item_frame":3,"minecraft:gold_nugget":36,"minecraft:cobbled_deepslate":15,"minecraft:beef":22,"minecraft:melon_slice":57,"minecraft:coal_block":16,"minecraft:golden_helmet":3,"minecraft:raw_iron":16,"minecraft:acacia_log":6,"minecraft:spruce_stairs":1,"sophisticatedbackpacks:backpack":2,"minecraft:porkchop":12,"tombstone:grave_dust":3,"alexsmobs:crocodile_scute":1,"minecraft:arrow":1,"minecraft:rotten_flesh":16,"minecraft:iron_block":1,"minecraft:glow_berries":9,"undead_revamp2:arapholia":1,"alexsmobs:flying_fish":1,"alexsmobs:lobster_tail":3,"minecraft:cobblestone":86,"minecraft:salmon":4,"minecraft:andesite":2,"luminousworld:ishstone":8,"minecraft:leather":11,"minecraft:golden_leggings":3,"alexsmobs:bison_fur":1,"minecraft:oak_log":33,"minecraft:yellow_bed":2,"minecraft:lapis_lazuli":21,"minecraft:dirt":4,"minecraft:lantern":2,"minecraft:bone":1,"minecraft:bow":1,"minecraft:wheat_seeds":1,"minecraft:raw_gold":2,"minecraft:stone_pickaxe":1,"minecraft:iron_sword":2,"minecraft:oak_planks":33,"minecraft:book":2,"minecraft:oak_slab":1,"minecraft:cyan_bed":1,"minecraft:bundle":2,"alexsmobs:raw_catfish":3,"minecraft:slime_ball":2,"minecraft:diamond":8,"minecraft:granite":17,"tombstone:magic_scroll":1,"minecraft:oak_sapling":4,"iceandfire:raw_silver":1,"minecraft:sunflower":1}},"DataVersion":3465}