{"stats":{"minecraft:mined":{"luminousworld:grassvariant_4":3,"minecraft:deepslate_diamond_ore":8,"born_in_chaos_v1:infected_diamond_ore":1,"minecraft:cave_vines_plant":7,"minecraft:granite":17,"minecraft:acacia_log":7,"minecraft:coal_block":16,"luminousworld:savanna_grass_2":1,"minecraft:iron_ore":5,"minecraft:fire":18,"minecraft:cobbled_deepslate":3,"minecraft:andesite":2,"minecraft:moss_carpet":1,"minecraft:deepslate_lapis_ore":3,"minecraft:cave_vines":5,"iceandfire:gold_pile":6,"minecraft:deepslate_iron_ore":12,"minecraft:stone":71,"minecraft:iron_block":1,"minecraft:oak_slab":1,"minecraft:acacia_leaves":5,"minecraft:crafting_table":1,"minecraft:tall_grass":3,"minecraft:cobblestone":16,"minecraft:deepslate_gold_ore":3,"minecraft:cyan_bed":1,"minecraft:oak_planks":2,"minecraft:diorite":1,"minecraft:spruce_stairs":1,"minecraft:yellow_bed":3,"minecraft:grass":8,"minecraft:oak_log":35,"luminousworld:ishstone":8,"minecraft:dirt":4,"luminousworld:savannah_grass_4":2,"minecraft:oak_leaves":14,"minecraft:deepslate":12},"minecraft:killed":{"alexsmobs:lobster":3,"luminousworld:swallowtail":1,"enemyexpansion:direwolf":3,"born_in_chaos_v1:maggot":1,"undead_revamp2:sucker":3,"luminousworld:charaxes":1,"artifacts:mimic":1,"minecraft:pig":1,"minecraft:salmon":4,"undead_revamp2:the_moonflower":1,"luminousworld:savannah_skeleton":1,"undead_revamp2:thesomnolence":1,"minecraft:zombie":8,"enemyexpansion:huntsman":1,"luminousworld:zebra":1,"minecraft:cow":4},"minecraft:crafted":{"minecraft:oak_door":3,"minecraft:oak_planks":132,"minecraft:coal":18,"quark:acacia_chest":1,"minecraft:iron_axe":1,"minecraft:stone_pickaxe":1,"minecraft:golden_boots":1,"minecraft:cooked_beef":4,"minecraft:diamond_sword":1,"minecraft:cooked_porkchop":3,"minecraft:crafting_table":2,"minecraft:wooden_pickaxe":1,"minecraft:bucket":1,"minecraft:air":0,"minecraft:stick":20,"minecraft:iron_ingot":14,"minecraft:iron_pickaxe":1,"minecraft:wooden_axe":1,"minecraft:gold_ingot":4,"minecraft:acacia_planks":20,"minecraft:torch":24},"minecraft:dropped":{"minecraft:bread":2,"minecraft:iron_sword":1,"minecraft:golden_helmet":1,"minecraft:book":2,"minecraft:leather":1,"minecraft:spruce_stairs":1,"minecraft:item_frame":2,"minecraft:melon_slice":2,"minecraft:moss_carpet":1,"undead_revamp2:arapholia":1,"minecraft:gunpowder":1,"minecraft:bundle":2,"minecraft:golden_leggings":1,"minecraft:wooden_pickaxe":1},"minecraft:custom":{"minecraft:interact_with_smithing_table":2,"minecraft:mob_kills":37,"minecraft:interact_with_crafting_table":16,"minecraft:open_barrel":3,"minecraft:damage_dealt_resisted":10,"minecraft:eat_cake_slice":5,"minecraft:leave_game":1,"minecraft:time_since_death":47543,"minecraft:climb_one_cm":2124,"minecraft:sprint_one_cm":157672,"minecraft:walk_one_cm":192649,"minecraft:drop":19,"minecraft:talked_to_villager":1,"minecraft:play_time":47543,"minecraft:sneak_time":5228,"minecraft:walk_under_water_one_cm":5089,"minecraft:jump":1717,"minecraft:walk_on_water_one_cm":5642,"minecraft:total_world_time":47543,"minecraft:interact_with_furnace":22,"minecraft:interact_with_cartography_table":1,"minecraft:time_since_rest":47543,"minecraft:damage_taken":1450,"minecraft:damage_dealt":4782,"minecraft:swim_one_cm":13678,"minecraft:fly_one_cm":292653,"minecraft:open_chest":32,"minecraft:crouch_one_cm":29163,"tombstone:undead_killed":14,"minecraft:fall_one_cm":56434},"minecraft:used":{"minecraft:acacia_log":1,"minecraft:armor_stand":5,"minecraft:iron_sword":29,"minecraft:oak_door":2,"minecraft:torch":22,"minecraft:dirt":3,"minecraft:granite":16,"minecraft:wooden_axe":35,"alexsmobs:lobster_tail":3,"minecraft:lantern":2,"minecraft:iron_axe":35,"minecraft:beef":3,"minecraft:oak_sapling":1,"tombstone:gift":2,"minecraft:cooked_beef":2,"minecraft:acacia_planks":2,"minecraft:cobbled_deepslate":15,"minecraft:golden_boots":1,"minecraft:stone_pickaxe":30,"minecraft:oak_planks":128,"minecraft:wooden_pickaxe":10,"luminousworld:ishstone":8,"minecraft:salmon":4,"minecraft:glow_berries":9,"minecraft:oak_slab":1,"minecraft:crafting_table":3,"quark:acacia_chest":1,"minecraft:cod":4,"minecraft:apple":5,"minecraft:cyan_bed":1,"minecraft:bread":6,"minecraft:melon_slice":21,"minecraft:iron_pickaxe":165,"minecraft:golden_leggings":2,"minecraft:golden_helmet":1,"minecraft:diamond_sword":81,"minecraft:cobblestone":83,"minecraft:cooked_porkchop":3,"minecraft:bucket":1,"minecraft:andesite":1,"minecraft:yellow_bed":2,"minecraft:golden_pickaxe":1},"minecraft:broken":{"minecraft:wooden_axe":1},"minecraft:picked_up":{"minecraft:crafting_table":1,"minecraft:golden_pickaxe":1,"minecraft:wooden_pickaxe":1,"minecraft:enchanted_book":2,"minecraft:string":1,"minecraft:moss_carpet":1,"minecraft:armor_stand":5,"minecraft:item_frame":3,"minecraft:gold_nugget":36,"minecraft:cobbled_deepslate":15,"minecraft:beef":7,"minecraft:melon_slice":11,"minecraft:coal_block":16,"minecraft:golden_helmet":3,"minecraft:raw_iron":16,"minecraft:acacia_log":6,"minecraft:spruce_stairs":1,"minecraft:porkchop":3,"tombstone:grave_dust":1,"minecraft:rotten_flesh":13,"minecraft:iron_block":1,"minecraft:glow_berries":9,"undead_revamp2:arapholia":1,"alexsmobs:lobster_tail":3,"minecraft:cobblestone":86,"minecraft:salmon":4,"minecraft:andesite":2,"luminousworld:ishstone":8,"minecraft:leather":5,"minecraft:golden_leggings":3,"minecraft:oak_log":33,"minecraft:yellow_bed":2,"minecraft:lapis_lazuli":21,"minecraft:dirt":3,"minecraft:lantern":2,"minecraft:bone":1,"minecraft:bow":1,"minecraft:raw_gold":2,"minecraft:stone_pickaxe":1,"minecraft:iron_sword":2,"minecraft:oak_planks":33,"minecraft:book":2,"minecraft:oak_slab":1,"minecraft:cyan_bed":1,"minecraft:bundle":2,"minecraft:diamond":8,"minecraft:granite":17,"minecraft:oak_sapling":3}},"DataVersion":3465}