{"stats":{"minecraft:used":{"chalk:red_chalk":4,"minecraft:potion":2,"minecraft:wooden_pickaxe":18},"minecraft:picked_up":{"minecraft:chicken":3,"minecraft:feather":4,"immersiveengineering:seed":2,"minecraft:leather":2,"minecraft:beef":4,"minecraft:porkchop":1,"minecraft:egg":1},"minecraft:custom":{"minecraft:time_since_rest":4654,"lootr:looted_stat":2,"minecraft:interact_with_furnace":1,"minecraft:crouch_one_cm":36,"minecraft:play_time":4654,"minecraft:sprint_one_cm":14387,"minecraft:damage_taken":301,"minecraft:walk_one_cm":15903,"minecraft:sneak_time":16,"minecraft:walk_under_water_one_cm":838,"minecraft:mob_kills":6,"minecraft:jump":167,"minecraft:damage_dealt":495,"minecraft:time_since_death":4654,"minecraft:walk_on_water_one_cm":975,"minecraft:climb_one_cm":2688,"minecraft:total_world_time":4654,"minecraft:swim_one_cm":615,"minecraft:fall_one_cm":4778,"minecraft:fly_one_cm":47470},"minecraft:killed":{"minecraft:pig":1,"minecraft:chicken":3,"minecraft:cow":2},"minecraft:mined":{"minecraft:grass":5,"create:vertical_framed_glass":2}},"DataVersion":2975}