{"stats":{"minecraft:used":{"embellishcraft:smooth_marble":1,"quark:oak_hedge":2,"minecraft:bread":1,"minecraft:oak_planks":1,"minecraft:wooden_pickaxe":24,"chalk:red_chalk":4,"minecraft:potion":4,"minecraft:crafting_table":1},"minecraft:picked_up":{"minecraft:stick":1,"minecraft:feather":4,"minecraft:chicken":3,"farmersdelight:stuffed_pumpkin_block":1,"embellishcraft:smooth_marble":1,"minecraft:leather":2,"minecraft:wooden_pickaxe":1,"securitycraft:camera_monitor":1,"minecraft:porkchop":1,"minecraft:oak_log":2,"farmersdelight:roast_chicken_block":1,"immersiveengineering:seed":3,"apocalypsenow:human_flesh":3,"minecraft:wheat_seeds":3,"quark:oak_hedge":2,"securitycraft:security_camera":1,"minecraft:beef":4,"minecraft:oak_sapling":4,"minecraft:oak_planks":6,"minecraft:egg":1},"minecraft:custom":{"minecraft:time_since_rest":4092,"minecraft:interact_with_furnace":1,"lootr:looted_stat":4,"minecraft:sprint_one_cm":44003,"minecraft:damage_taken":602,"minecraft:walk_one_cm":56913,"minecraft:mob_kills":6,"minecraft:drop":6,"minecraft:damage_dealt":575,"minecraft:talked_to_villager":2,"minecraft:swim_one_cm":615,"minecraft:interact_with_crafting_table":2,"minecraft:fly_one_cm":105325,"minecraft:crouch_one_cm":1273,"minecraft:play_time":19531,"minecraft:deaths":2,"minecraft:sneak_time":326,"minecraft:walk_under_water_one_cm":838,"minecraft:jump":446,"minecraft:leave_game":1,"minecraft:walk_on_water_one_cm":975,"minecraft:time_since_death":4065,"minecraft:total_world_time":19531,"minecraft:climb_one_cm":5732,"minecraft:fall_one_cm":11559},"minecraft:dropped":{"apocalypsenow:human_flesh":1,"minecraft:wheat_seeds":1,"securitycraft:security_camera":1,"minecraft:oak_planks":4,"securitycraft:camera_monitor":1,"minecraft:wooden_pickaxe":1},"minecraft:killed":{"minecraft:pig":1,"minecraft:chicken":3,"minecraft:cow":2},"minecraft:killed_by":{"minecraft:husk":1,"zombie_extreme:runner":1},"minecraft:mined":{"create:vertical_framed_glass":2,"farmersdelight:roast_chicken_block":1,"rocks:oak_stick":1,"minecraft:grass":21,"biomesoplenty:bush":2,"minecraft:oak_log":2,"quark:oak_hedge":2,"minecraft:oak_planks":2,"minecraft:oak_leaves":2,"create:dark_oak_window_pane":2,"minecraft:spawner":1},"minecraft:crafted":{"minecraft:crafting_table":1,"minecraft:air":12}},"DataVersion":2975}