{"stats":{"minecraft:mined":{"minecraft:oak_slab":1,"minecraft:acacia_leaves":5,"luminousworld:grassvariant_4":3,"minecraft:crafting_table":1,"minecraft:acacia_log":7,"minecraft:cobblestone":3,"minecraft:coal_block":16,"minecraft:tall_grass":2,"minecraft:oak_planks":2,"luminousworld:savanna_grass_2":1,"minecraft:spruce_stairs":1,"minecraft:fire":18,"minecraft:yellow_bed":2,"minecraft:grass":7,"minecraft:oak_log":35,"iceandfire:gold_pile":6,"minecraft:iron_block":1,"luminousworld:savannah_grass_4":2,"minecraft:oak_leaves":14},"minecraft:killed":{"alexsmobs:lobster":3,"minecraft:pig":1,"minecraft:salmon":4,"born_in_chaos_v1:maggot":1,"luminousworld:savannah_skeleton":1,"minecraft:zombie":1,"luminousworld:zebra":1,"luminousworld:charaxes":1,"minecraft:cow":4},"minecraft:crafted":{"minecraft:oak_planks":128,"minecraft:crafting_table":1,"minecraft:wooden_pickaxe":1,"quark:acacia_chest":1,"minecraft:iron_axe":1,"minecraft:stick":8,"minecraft:iron_ingot":9,"minecraft:stone_pickaxe":1,"minecraft:wooden_axe":1,"minecraft:gold_ingot":4,"minecraft:acacia_planks":20,"minecraft:golden_boots":1},"minecraft:dropped":{"minecraft:iron_sword":1,"minecraft:golden_helmet":1,"minecraft:book":2,"minecraft:leather":1,"minecraft:spruce_stairs":1,"minecraft:item_frame":2,"minecraft:bundle":2,"minecraft:golden_leggings":1,"minecraft:wooden_pickaxe":1},"minecraft:custom":{"minecraft:interact_with_smithing_table":1,"minecraft:interact_with_furnace":2,"minecraft:mob_kills":17,"minecraft:interact_with_crafting_table":8,"minecraft:open_barrel":1,"minecraft:damage_dealt_resisted":10,"minecraft:eat_cake_slice":5,"minecraft:leave_game":1,"minecraft:time_since_death":17543,"minecraft:climb_one_cm":1668,"minecraft:time_since_rest":17543,"minecraft:sprint_one_cm":84096,"minecraft:damage_taken":456,"minecraft:walk_one_cm":106767,"minecraft:drop":12,"minecraft:damage_dealt":1300,"minecraft:swim_one_cm":13678,"minecraft:talked_to_villager":1,"minecraft:fly_one_cm":160873,"minecraft:open_chest":18,"minecraft:crouch_one_cm":9065,"minecraft:play_time":17543,"tombstone:undead_killed":2,"minecraft:sneak_time":1028,"minecraft:walk_under_water_one_cm":4748,"minecraft:jump":745,"minecraft:walk_on_water_one_cm":4752,"minecraft:total_world_time":17543,"minecraft:fall_one_cm":24010},"minecraft:used":{"minecraft:golden_boots":1,"minecraft:acacia_log":1,"minecraft:armor_stand":4,"minecraft:stone_pickaxe":30,"minecraft:oak_planks":126,"minecraft:wooden_pickaxe":10,"minecraft:iron_sword":28,"minecraft:salmon":4,"minecraft:oak_slab":1,"minecraft:crafting_table":2,"quark:acacia_chest":1,"minecraft:cod":4,"minecraft:wooden_axe":35,"alexsmobs:lobster_tail":3,"minecraft:lantern":2,"minecraft:iron_axe":34,"minecraft:melon_slice":4,"minecraft:bread":3,"minecraft:golden_leggings":1,"minecraft:golden_helmet":1,"minecraft:beef":3,"minecraft:oak_sapling":1,"minecraft:yellow_bed":1,"minecraft:acacia_planks":2,"minecraft:golden_pickaxe":1},"minecraft:broken":{"minecraft:wooden_axe":1},"minecraft:picked_up":{"minecraft:crafting_table":1,"minecraft:salmon":4,"minecraft:golden_pickaxe":1,"minecraft:leather":5,"minecraft:golden_leggings":3,"minecraft:wooden_pickaxe":1,"minecraft:enchanted_book":1,"minecraft:oak_log":33,"minecraft:yellow_bed":1,"minecraft:lantern":2,"minecraft:item_frame":3,"minecraft:armor_stand":4,"minecraft:bow":1,"minecraft:gold_nugget":36,"minecraft:beef":7,"minecraft:stone_pickaxe":1,"minecraft:melon_slice":10,"minecraft:coal_block":16,"minecraft:oak_planks":33,"minecraft:iron_sword":2,"minecraft:book":2,"minecraft:golden_helmet":3,"minecraft:oak_slab":1,"minecraft:acacia_log":6,"minecraft:spruce_stairs":1,"minecraft:porkchop":3,"tombstone:grave_dust":1,"minecraft:bundle":2,"minecraft:iron_block":1,"minecraft:oak_sapling":3,"alexsmobs:lobster_tail":3,"minecraft:cobblestone":3}},"DataVersion":3465}