{"stats":{"minecraft:mined":{"minecraft:grass":5,"minecraft:acacia_log":7,"minecraft:oak_log":4,"minecraft:acacia_leaves":5,"luminousworld:savannah_grass_4":1,"minecraft:crafting_table":1,"minecraft:oak_leaves":4},"minecraft:killed":{"alexsmobs:lobster":3,"luminousworld:charaxes":1,"minecraft:salmon":4},"minecraft:crafted":{"minecraft:oak_planks":16,"minecraft:acacia_planks":20,"minecraft:crafting_table":1,"minecraft:stick":4,"minecraft:wooden_pickaxe":1,"minecraft:wooden_axe":1},"minecraft:custom":{"minecraft:time_since_rest":5543,"minecraft:crouch_one_cm":1646,"minecraft:sprint_one_cm":18189,"minecraft:play_time":5543,"minecraft:damage_taken":200,"minecraft:walk_one_cm":9620,"minecraft:sneak_time":261,"minecraft:walk_under_water_one_cm":4748,"minecraft:mob_kills":8,"minecraft:jump":200,"minecraft:damage_dealt":280,"minecraft:leave_game":1,"minecraft:time_since_death":5543,"minecraft:walk_on_water_one_cm":4604,"minecraft:total_world_time":5543,"minecraft:swim_one_cm":13678,"minecraft:interact_with_crafting_table":1,"minecraft:fall_one_cm":6295,"minecraft:fly_one_cm":62091},"minecraft:used":{"minecraft:salmon":3,"minecraft:wooden_axe":22,"alexsmobs:lobster_tail":1,"minecraft:acacia_log":1,"minecraft:crafting_table":1,"minecraft:oak_sapling":1,"minecraft:oak_planks":4},"minecraft:picked_up":{"minecraft:crafting_table":1,"minecraft:salmon":4,"minecraft:acacia_log":6,"minecraft:oak_log":4,"minecraft:oak_sapling":1,"alexsmobs:lobster_tail":3}},"DataVersion":3465}