{"stats":{"minecraft:mined":{"minecraft:oak_slab":1,"minecraft:acacia_leaves":5,"minecraft:deepslate_diamond_ore":5,"luminousworld:grassvariant_4":3,"born_in_chaos_v1:infected_diamond_ore":1,"minecraft:crafting_table":1,"minecraft:granite":17,"minecraft:acacia_log":7,"minecraft:cobblestone":14,"minecraft:coal_block":16,"minecraft:tall_grass":2,"minecraft:deepslate_gold_ore":3,"minecraft:oak_planks":2,"minecraft:diorite":1,"luminousworld:savanna_grass_2":1,"minecraft:spruce_stairs":1,"minecraft:cobbled_deepslate":3,"minecraft:iron_ore":5,"minecraft:fire":18,"minecraft:andesite":2,"minecraft:deepslate_lapis_ore":3,"minecraft:yellow_bed":3,"minecraft:grass":7,"minecraft:oak_log":35,"luminousworld:ishstone":8,"iceandfire:gold_pile":6,"minecraft:dirt":4,"minecraft:stone":71,"minecraft:iron_block":1,"luminousworld:savannah_grass_4":2,"minecraft:deepslate":5,"minecraft:oak_leaves":14},"minecraft:killed":{"alexsmobs:lobster":3,"minecraft:pig":1,"minecraft:salmon":4,"undead_revamp2:the_moonflower":1,"enemyexpansion:direwolf":2,"born_in_chaos_v1:maggot":1,"luminousworld:savannah_skeleton":1,"minecraft:zombie":3,"luminousworld:zebra":1,"undead_revamp2:sucker":3,"luminousworld:charaxes":1,"minecraft:cow":4},"minecraft:dropped":{"minecraft:bread":2,"minecraft:iron_sword":1,"minecraft:golden_helmet":1,"undead_revamp2:arapholia":1,"minecraft:book":2,"minecraft:leather":1,"minecraft:spruce_stairs":1,"minecraft:item_frame":2,"minecraft:bundle":2,"minecraft:melon_slice":2,"minecraft:golden_leggings":1,"minecraft:wooden_pickaxe":1},"minecraft:custom":{"minecraft:interact_with_smithing_table":1,"minecraft:interact_with_furnace":17,"minecraft:mob_kills":26,"minecraft:interact_with_crafting_table":13,"minecraft:open_barrel":1,"minecraft:damage_dealt_resisted":10,"minecraft:eat_cake_slice":5,"minecraft:leave_game":1,"minecraft:time_since_death":35543,"minecraft:climb_one_cm":1668,"minecraft:time_since_rest":35543,"minecraft:sprint_one_cm":119879,"minecraft:damage_taken":1208,"minecraft:walk_one_cm":152753,"minecraft:drop":17,"minecraft:damage_dealt":2875,"minecraft:swim_one_cm":13678,"minecraft:talked_to_villager":1,"minecraft:fly_one_cm":223579,"minecraft:open_chest":28,"minecraft:crouch_one_cm":25807,"minecraft:play_time":35543,"tombstone:undead_killed":8,"minecraft:sneak_time":4657,"minecraft:walk_under_water_one_cm":5089,"minecraft:jump":1179,"minecraft:walk_on_water_one_cm":4913,"minecraft:total_world_time":35543,"minecraft:fall_one_cm":38641},"minecraft:crafted":{"minecraft:cooked_beef":4,"minecraft:oak_door":3,"minecraft:diamond_sword":1,"minecraft:coal":18,"minecraft:oak_planks":132,"minecraft:cooked_porkchop":3,"minecraft:crafting_table":1,"minecraft:wooden_pickaxe":1,"minecraft:air":0,"quark:acacia_chest":1,"minecraft:iron_axe":1,"minecraft:stick":20,"minecraft:iron_ingot":14,"minecraft:iron_pickaxe":1,"minecraft:stone_pickaxe":1,"minecraft:wooden_axe":1,"minecraft:gold_ingot":4,"minecraft:acacia_planks":20,"minecraft:torch":24,"minecraft:golden_boots":1},"minecraft:used":{"minecraft:golden_boots":1,"minecraft:acacia_log":1,"minecraft:armor_stand":5,"minecraft:stone_pickaxe":30,"minecraft:oak_planks":128,"minecraft:wooden_pickaxe":10,"minecraft:iron_sword":29,"minecraft:oak_door":2,"minecraft:salmon":4,"minecraft:torch":18,"minecraft:oak_slab":1,"minecraft:crafting_table":2,"quark:acacia_chest":1,"minecraft:cod":4,"minecraft:granite":16,"minecraft:wooden_axe":35,"minecraft:apple":5,"alexsmobs:lobster_tail":3,"minecraft:lantern":2,"minecraft:iron_axe":35,"minecraft:melon_slice":21,"minecraft:bread":6,"minecraft:iron_pickaxe":136,"minecraft:golden_leggings":2,"minecraft:golden_helmet":1,"minecraft:diamond_sword":50,"minecraft:cobblestone":74,"minecraft:beef":3,"minecraft:cooked_porkchop":2,"minecraft:oak_sapling":1,"minecraft:andesite":1,"minecraft:yellow_bed":2,"minecraft:cobbled_deepslate":3,"minecraft:acacia_planks":2,"minecraft:golden_pickaxe":1},"minecraft:broken":{"minecraft:wooden_axe":1},"minecraft:picked_up":{"minecraft:crafting_table":1,"luminousworld:ishstone":8,"minecraft:andesite":2,"minecraft:salmon":4,"minecraft:golden_pickaxe":1,"minecraft:leather":5,"minecraft:golden_leggings":3,"minecraft:wooden_pickaxe":1,"minecraft:enchanted_book":1,"minecraft:oak_log":33,"minecraft:yellow_bed":2,"minecraft:lapis_lazuli":21,"minecraft:dirt":3,"minecraft:lantern":2,"minecraft:item_frame":3,"minecraft:armor_stand":5,"minecraft:bone":1,"minecraft:bow":1,"minecraft:gold_nugget":36,"minecraft:cobbled_deepslate":8,"minecraft:raw_gold":2,"minecraft:beef":7,"minecraft:stone_pickaxe":1,"minecraft:melon_slice":11,"minecraft:coal_block":16,"minecraft:oak_planks":33,"minecraft:iron_sword":2,"minecraft:book":2,"minecraft:golden_helmet":3,"minecraft:oak_slab":1,"minecraft:raw_iron":5,"minecraft:acacia_log":6,"minecraft:spruce_stairs":1,"minecraft:porkchop":3,"tombstone:grave_dust":1,"minecraft:bundle":2,"minecraft:rotten_flesh":7,"minecraft:diamond":5,"minecraft:granite":17,"minecraft:iron_block":1,"minecraft:oak_sapling":3,"undead_revamp2:arapholia":1,"alexsmobs:lobster_tail":3,"minecraft:cobblestone":84}},"DataVersion":3465}