{"stats":{"minecraft:killed_by":{"alexsmobs:bison":1,"mowziesmobs:ferrous_wroughtnaut":1,"iceandfire:ghost":1,"iceandfire:fire_dragon":1},"minecraft:mined":{"minecraft:diamond_ore":1,"minecraft:white_bed":5,"iceandfire:silver_ore":2,"minecraft:deepslate_diamond_ore":4,"born_in_chaos_v1:infected_diamond_ore":2,"minecraft:granite":19,"minecraft:grass_block":3,"luminousworld:grassvariant_2":4,"minecraft:coal_block":3,"quark:ancient_chest":2,"minecraft:hay_block":11,"minecraft:furnace":3,"minecraft:iron_ore":18,"minecraft:azure_bluet":1,"minecraft:pointed_dripstone":1,"minecraft:deepslate_iron_ore":6,"minecraft:stone":237,"iceandfire:chared_cobblestone":4,"minecraft:deepslate_redstone_ore":1,"minecraft:crafting_table":6,"minecraft:emerald_ore":5,"minecraft:blast_furnace":2,"minecraft:chest":11,"minecraft:tall_grass":6,"minecraft:cobblestone":4,"minecraft:lapis_ore":1,"minecraft:deepslate_gold_ore":6,"minecraft:oak_planks":4,"minecraft:damaged_anvil":1,"supplementaries:urn":3,"minecraft:red_wall_banner":1,"minecraft:grass":13,"minecraft:cracked_deepslate_tiles":1,"minecraft:oak_log":10,"minecraft:coal_ore":26,"luminousworld:ishstone":11,"minecraft:dirt":8,"minecraft:dripstone_block":3,"luminousworld:grassvariant_3":2,"minecraft:cobweb":2,"minecraft:oak_leaves":10,"minecraft:deepslate":38,"iceandfire:chared_stone":3},"minecraft:killed":{"born_in_chaos_v1:zombie_clown":1,"luminousworld:deer":2,"earthmobsmod:jumbo_rabbit":3,"minecraft:spider":2,"enemyexpansion:direwolf":4,"born_in_chaos_v1:maggot":1,"earthmobsmod:albino_cow":4,"minecraft:pig":1,"undead_revamp2:the_moonflower":1,"minecraft:sheep":9,"minecraft:goat":1,"minecraft:zombie":3,"born_in_chaos_v1:corpse_fly":1,"enemyexpansion:botfly":1,"friendsandfoes:moobloom":1,"minecraft:cow":4},"minecraft:crafted":{"minecraft:oak_planks":40,"minecraft:coal":27,"minecraft:furnace":3,"minecraft:cooked_mutton":14,"minecraft:leather":2,"minecraft:stone_pickaxe":1,"luminousworld:cooked_venison":2,"minecraft:cooked_rabbit":2,"minecraft:wheat":99,"minecraft:cooked_beef":13,"sophisticatedbackpacks:backpack":2,"minecraft:cooked_porkchop":2,"minecraft:crafting_table":2,"minecraft:wooden_pickaxe":1,"minecraft:iron_sword":1,"minecraft:stone_axe":2,"minecraft:bread":45,"minecraft:air":0,"minecraft:oak_boat":1,"minecraft:string":4,"minecraft:diamond_pickaxe":1,"minecraft:stick":16,"quark:oak_chest":2,"minecraft:iron_ingot":11,"minecraft:iron_pickaxe":3,"minecraft:torch":16},"minecraft:custom":{"minecraft:interact_with_smithing_table":2,"minecraft:interact_with_anvil":2,"minecraft:mob_kills":41,"minecraft:interact_with_crafting_table":29,"minecraft:open_barrel":2,"minecraft:damage_dealt_resisted":20,"minecraft:leave_game":2,"minecraft:time_since_death":33249,"minecraft:climb_one_cm":2608,"minecraft:sprint_one_cm":344374,"minecraft:walk_one_cm":302046,"minecraft:drop":66,"minecraft:talked_to_villager":1,"minecraft:play_time":86665,"minecraft:deaths":5,"minecraft:sneak_time":3068,"minecraft:walk_under_water_one_cm":2841,"minecraft:boat_one_cm":83890,"minecraft:jump":2142,"minecraft:interact_with_blast_furnace":9,"minecraft:walk_on_water_one_cm":14109,"minecraft:total_world_time":86665,"minecraft:interact_with_furnace":27,"minecraft:sleep_in_bed":5,"minecraft:time_since_rest":32865,"minecraft:damage_taken":2417,"minecraft:trigger_trapped_chest":1,"minecraft:damage_dealt":6552,"minecraft:swim_one_cm":2264,"minecraft:fly_one_cm":352913,"minecraft:open_chest":28,"minecraft:crouch_one_cm":15036,"tombstone:undead_killed":5,"minecraft:fall_one_cm":56174},"minecraft:dropped":{"iceandfire:chared_stone":7,"quark:glow_shroom":1,"born_in_chaos_v1:shattered_skull":2,"minecraft:wheat_seeds":73,"luminousworld:ishstone":24,"minecraft:dripstone_block":3,"minecraft:poisonous_potato":1,"minecraft:leather":5,"minecraft:granite":57,"iceandfire:ectoplasm":1,"minecraft:saddle":2,"minecraft:coal":4,"mowziesmobs:wrought_axe":1,"minecraft:oxeye_daisy":1,"minecraft:dirt":21,"minecraft:grass":1,"born_in_chaos_v1:black_argillite":2,"minecraft:stone_button":1,"minecraft:cracked_deepslate_tiles":1,"minecraft:chain":11,"minecraft:oak_stairs":1,"minecraft:gold_nugget":1,"minecraft:smooth_stone":1,"minecraft:white_wool":8,"minecraft:redstone":8,"minecraft:gravel":1,"minecraft:stone_axe":1,"alexsmobs:animal_dictionary":1,"minecraft:cobbled_deepslate":69,"minecraft:diamond_hoe":1,"minecraft:obsidian":3,"minecraft:pointed_dripstone":3,"minecraft:tall_grass":1,"minecraft:rotten_flesh":1,"luminousworld:cooked_venison":3,"minecraft:oak_planks":3,"minecraft:azure_bluet":1,"minecraft:poppy":1,"minecraft:rabbit_hide":3,"supplementaries:flax_seeds":2,"minecraft:bundle":1,"iceandfire:chared_cobblestone":6,"minecraft:skeleton_skull":1,"minecraft:oak_sapling":3,"minecraft:acacia_sapling":1,"minecraft:wooden_pickaxe":1,"iceandfire:manuscript":30},"minecraft:used":{"minecraft:iron_sword":3,"minecraft:torch":4,"minecraft:dirt":4,"mowziesmobs:wrought_helmet":1,"born_in_chaos_v1:corpse_maggot":1,"minecraft:beef":6,"supplementaries:ash":3,"minecraft:furnace":3,"tombstone:gift":2,"minecraft:cooked_mutton":12,"minecraft:stone_pickaxe":131,"minecraft:oak_planks":4,"minecraft:wooden_pickaxe":3,"minecraft:crafting_table":7,"minecraft:blast_furnace":1,"minecraft:white_bed":5,"minecraft:dripstone_block":2,"mowziesmobs:wrought_axe":55,"minecraft:bread":5,"minecraft:iron_pickaxe":270,"minecraft:gravel":3,"iceandfire:chared_cobblestone":1,"minecraft:stone_axe":146,"minecraft:cobblestone":25,"minecraft:cooked_porkchop":2,"minecraft:bucket":2,"minecraft:oak_boat":3,"minecraft:sculk_catalyst":2,"minecraft:experience_bottle":3,"minecraft:cobweb":2},"minecraft:broken":{"minecraft:stone_pickaxe":1,"minecraft:stone_axe":1},"minecraft:picked_up":{"minecraft:iron_chestplate":1,"minecraft:crafting_table":6,"minecraft:wheat":1,"minecraft:azure_bluet":1,"minecraft:lead":1,"aether:iron_gloves":1,"minecraft:oak_stairs":1,"minecraft:potion":1,"minecraft:chain":11,"born_in_chaos_v1:black_argillite":2,"iceandfire:manuscript":30,"minecraft:string":4,"minecraft:iron_leggings":1,"minecraft:experience_bottle":3,"minecraft:gold_nugget":99,"minecraft:smooth_stone":1,"minecraft:cobbled_deepslate":69,"minecraft:beef":19,"minecraft:oak_boat":3,"minecraft:poppy":1,"minecraft:chest":13,"minecraft:coal_block":3,"minecraft:diamond_hoe":1,"minecraft:furnace":3,"minecraft:stick":4,"minecraft:raw_iron":24,"born_in_chaos_v1:shattered_skull":2,"minecraft:torch":2,"minecraft:porkchop":2,"minecraft:stone_button":1,"minecraft:pointed_dripstone":3,"minecraft:redstone":6,"minecraft:rabbit_foot":3,"quark:ancient_tome":1,"minecraft:rotten_flesh":7,"minecraft:hay_block":11,"minecraft:saddle":1,"supplementaries:ash":3,"minecraft:glow_berries":11,"minecraft:obsidian":6,"minecraft:mutton":14,"minecraft:cobblestone":240,"minecraft:white_wool":17,"minecraft:cracked_deepslate_tiles":1,"born_in_chaos_v1:corpse_maggot":1,"luminousworld:ishstone":24,"minecraft:leather":12,"minecraft:oak_log":10,"luminousworld:raw_venison":3,"supplementaries:flax_seeds":2,"mowziesmobs:wrought_axe":2,"minecraft:lapis_lazuli":5,"minecraft:dirt":25,"minecraft:bone":23,"minecraft:wheat_seeds":4,"minecraft:raw_gold":6,"quark:glow_shroom":1,"minecraft:rabbit_hide":7,"minecraft:iron_ingot":21,"minecraft:cobweb":20,"minecraft:rabbit":2,"minecraft:oak_planks":7,"minecraft:iron_sword":1,"iceandfire:chared_stone":7,"quark:ancient_chest":2,"minecraft:poisonous_potato":1,"minecraft:dripstone_block":5,"minecraft:gravel":4,"mowziesmobs:wrought_helmet":1,"minecraft:red_banner":1,"minecraft:blast_furnace":2,"minecraft:white_bed":5,"alexsmobs:animal_dictionary":1,"iceandfire:chared_cobblestone":7,"minecraft:bundle":1,"luminousworld:cooked_venison":1,"minecraft:diamond":5,"minecraft:iron_helmet":1,"minecraft:granite":57,"minecraft:bread":3,"minecraft:emerald":5,"minecraft:damaged_anvil":1,"tombstone:magic_scroll":1,"minecraft:oak_sapling":3,"minecraft:coal":38,"iceandfire:raw_silver":2}},"DataVersion":3465}