{"stats":{"minecraft:killed_by":{"iceandfire:ghost":1,"alexsmobs:bison":1},"minecraft:mined":{"minecraft:white_bed":1,"minecraft:crafting_table":2,"minecraft:blast_furnace":1,"minecraft:grass_block":3,"luminousworld:grassvariant_2":4,"minecraft:coal_block":3,"minecraft:tall_grass":5,"minecraft:azure_bluet":1,"minecraft:grass":13,"minecraft:oak_log":10,"minecraft:dirt":8,"luminousworld:grassvariant_3":2,"minecraft:stone":10,"minecraft:oak_leaves":10},"minecraft:killed":{"luminousworld:deer":2,"born_in_chaos_v1:zombie_clown":1,"minecraft:pig":1,"earthmobsmod:jumbo_rabbit":3,"minecraft:spider":1,"enemyexpansion:direwolf":3,"minecraft:sheep":9,"minecraft:goat":1,"friendsandfoes:moobloom":1,"earthmobsmod:albino_cow":4,"minecraft:cow":4},"minecraft:dropped":{"minecraft:rabbit_hide":3,"minecraft:oak_sapling":3,"minecraft:wooden_pickaxe":1},"minecraft:crafted":{"minecraft:oak_planks":40,"sophisticatedbackpacks:backpack":1,"minecraft:crafting_table":1,"minecraft:wooden_pickaxe":1,"minecraft:stone_axe":2,"minecraft:oak_boat":1,"minecraft:string":4,"minecraft:leather":1,"minecraft:stick":16,"quark:oak_chest":1,"minecraft:stone_pickaxe":1},"minecraft:custom":{"minecraft:interact_with_furnace":2,"minecraft:mob_kills":30,"minecraft:interact_with_crafting_table":7,"minecraft:damage_dealt_resisted":20,"minecraft:leave_game":1,"minecraft:time_since_death":1578,"minecraft:sleep_in_bed":1,"minecraft:climb_one_cm":698,"minecraft:time_since_rest":990,"minecraft:sprint_one_cm":168328,"minecraft:damage_taken":650,"minecraft:walk_one_cm":88179,"minecraft:trigger_trapped_chest":1,"minecraft:drop":4,"minecraft:damage_dealt":4076,"minecraft:swim_one_cm":2264,"minecraft:talked_to_villager":1,"minecraft:fly_one_cm":186854,"minecraft:open_chest":8,"minecraft:play_time":29065,"tombstone:undead_killed":1,"minecraft:deaths":3,"minecraft:walk_under_water_one_cm":367,"minecraft:boat_one_cm":80875,"minecraft:jump":873,"minecraft:interact_with_blast_furnace":2,"minecraft:walk_on_water_one_cm":8717,"minecraft:total_world_time":29065,"minecraft:fall_one_cm":17845},"minecraft:used":{"minecraft:stone_pickaxe":11,"minecraft:wooden_pickaxe":3,"minecraft:dirt":1,"minecraft:crafting_table":2,"minecraft:white_bed":1,"minecraft:stone_axe":105,"minecraft:beef":6,"tombstone:gift":2,"minecraft:oak_boat":2},"minecraft:broken":{"minecraft:stone_axe":1},"minecraft:picked_up":{"minecraft:crafting_table":2,"minecraft:wheat":1,"minecraft:azure_bluet":1,"minecraft:leather":10,"minecraft:oak_stairs":1,"minecraft:oak_log":10,"luminousworld:raw_venison":3,"minecraft:dirt":11,"minecraft:wheat_seeds":4,"minecraft:smooth_stone":1,"minecraft:rabbit_hide":7,"minecraft:beef":19,"minecraft:oak_boat":2,"minecraft:poppy":1,"minecraft:rabbit":2,"minecraft:coal_block":3,"minecraft:stick":2,"minecraft:torch":1,"minecraft:poisonous_potato":1,"minecraft:porkchop":2,"minecraft:stone_button":1,"minecraft:blast_furnace":1,"minecraft:white_bed":1,"minecraft:rabbit_foot":3,"minecraft:rotten_flesh":3,"minecraft:oak_sapling":3,"minecraft:mutton":14,"minecraft:white_wool":9,"minecraft:cobblestone":10}},"DataVersion":3465}