{"stats":{"minecraft:mined":{"minecraft:crafting_table":1,"minecraft:grass":10,"minecraft:grass_block":3,"minecraft:oak_log":10,"minecraft:dirt":8,"luminousworld:grassvariant_3":2,"luminousworld:grassvariant_2":4,"minecraft:stone":10,"minecraft:oak_leaves":10},"minecraft:killed_by":{"alexsmobs:bison":1},"minecraft:killed":{"minecraft:sheep":9,"luminousworld:deer":2,"minecraft:pig":1,"earthmobsmod:jumbo_rabbit":3,"minecraft:spider":1,"enemyexpansion:direwolf":3,"earthmobsmod:albino_cow":4,"minecraft:cow":4},"minecraft:dropped":{"minecraft:wooden_pickaxe":1},"minecraft:crafted":{"minecraft:oak_boat":1,"minecraft:oak_planks":40,"minecraft:crafting_table":1,"minecraft:stick":16,"minecraft:wooden_pickaxe":1,"minecraft:stone_pickaxe":1,"minecraft:stone_axe":1},"minecraft:custom":{"minecraft:time_since_rest":4202,"minecraft:sprint_one_cm":83899,"minecraft:damage_taken":245,"minecraft:walk_one_cm":42957,"minecraft:mob_kills":27,"minecraft:drop":1,"minecraft:damage_dealt":3249,"minecraft:swim_one_cm":2264,"minecraft:interact_with_crafting_table":4,"minecraft:fly_one_cm":105608,"minecraft:play_time":17065,"minecraft:deaths":1,"minecraft:walk_under_water_one_cm":299,"minecraft:boat_one_cm":80875,"minecraft:jump":458,"minecraft:time_since_death":6601,"minecraft:leave_game":1,"minecraft:walk_on_water_one_cm":8570,"minecraft:total_world_time":17065,"minecraft:fall_one_cm":8836},"minecraft:used":{"minecraft:stone_pickaxe":7,"minecraft:wooden_pickaxe":3,"minecraft:stone_axe":78,"minecraft:dirt":1,"minecraft:beef":6,"minecraft:crafting_table":2,"minecraft:oak_boat":2},"minecraft:picked_up":{"minecraft:stick":2,"minecraft:crafting_table":1,"minecraft:leather":10,"minecraft:porkchop":2,"minecraft:oak_log":10,"luminousworld:raw_venison":3,"minecraft:rabbit_foot":3,"minecraft:dirt":11,"minecraft:rabbit_hide":7,"minecraft:beef":18,"minecraft:oak_boat":2,"minecraft:rabbit":2,"minecraft:oak_sapling":3,"minecraft:mutton":14,"minecraft:white_wool":9,"minecraft:cobblestone":10}},"DataVersion":3465}