{"stats":{"minecraft:mined":{"minecraft:white_bed":4,"iceandfire:silver_ore":2,"minecraft:crafting_table":5,"minecraft:granite":19,"minecraft:blast_furnace":2,"minecraft:grass_block":3,"luminousworld:grassvariant_2":4,"minecraft:coal_block":3,"minecraft:tall_grass":6,"minecraft:cobblestone":4,"minecraft:hay_block":11,"minecraft:furnace":3,"minecraft:iron_ore":11,"minecraft:azure_bluet":1,"luminousworld:ishstone":11,"minecraft:grass":13,"minecraft:pointed_dripstone":1,"minecraft:coal_ore":26,"minecraft:oak_log":10,"minecraft:dripstone_block":3,"minecraft:dirt":8,"minecraft:cobweb":2,"luminousworld:grassvariant_3":2,"minecraft:stone":233,"minecraft:deepslate":19,"minecraft:oak_leaves":10},"minecraft:killed_by":{"mowziesmobs:ferrous_wroughtnaut":1,"iceandfire:ghost":1,"alexsmobs:bison":1},"minecraft:killed":{"luminousworld:deer":2,"born_in_chaos_v1:zombie_clown":1,"minecraft:pig":1,"earthmobsmod:jumbo_rabbit":3,"undead_revamp2:the_moonflower":1,"minecraft:spider":2,"enemyexpansion:direwolf":4,"minecraft:sheep":9,"minecraft:goat":1,"minecraft:zombie":3,"enemyexpansion:botfly":1,"friendsandfoes:moobloom":1,"earthmobsmod:albino_cow":4,"minecraft:cow":4},"minecraft:dropped":{"minecraft:wheat_seeds":73,"minecraft:poisonous_potato":1,"minecraft:pointed_dripstone":3,"minecraft:tall_grass":1,"luminousworld:cooked_venison":3,"minecraft:leather":5,"iceandfire:ectoplasm":1,"minecraft:azure_bluet":1,"minecraft:coal":4,"mowziesmobs:wrought_axe":1,"minecraft:poppy":1,"minecraft:oxeye_daisy":1,"minecraft:rabbit_hide":3,"minecraft:grass":1,"minecraft:stone_button":1,"minecraft:skeleton_skull":1,"minecraft:acacia_sapling":1,"minecraft:oak_sapling":3,"minecraft:oak_stairs":1,"minecraft:gold_nugget":1,"minecraft:wooden_pickaxe":1,"minecraft:smooth_stone":1},"minecraft:custom":{"minecraft:interact_with_furnace":27,"minecraft:mob_kills":37,"minecraft:interact_with_crafting_table":27,"minecraft:open_barrel":1,"minecraft:damage_dealt_resisted":20,"minecraft:leave_game":1,"minecraft:time_since_death":3488,"minecraft:sleep_in_bed":5,"minecraft:climb_one_cm":698,"minecraft:time_since_rest":5,"minecraft:sprint_one_cm":233144,"minecraft:damage_taken":1508,"minecraft:walk_one_cm":206379,"minecraft:trigger_trapped_chest":1,"minecraft:drop":26,"minecraft:damage_dealt":5385,"minecraft:swim_one_cm":2264,"minecraft:talked_to_villager":1,"minecraft:fly_one_cm":232956,"minecraft:open_chest":16,"minecraft:crouch_one_cm":6108,"minecraft:play_time":53065,"tombstone:undead_killed":5,"minecraft:deaths":4,"minecraft:sneak_time":1408,"minecraft:walk_under_water_one_cm":367,"minecraft:boat_one_cm":83890,"minecraft:jump":1312,"minecraft:interact_with_blast_furnace":9,"minecraft:walk_on_water_one_cm":9089,"minecraft:total_world_time":53065,"minecraft:fall_one_cm":32942},"minecraft:crafted":{"minecraft:cooked_beef":13,"minecraft:oak_planks":40,"minecraft:coal":27,"sophisticatedbackpacks:backpack":2,"minecraft:cooked_porkchop":2,"minecraft:crafting_table":1,"minecraft:wooden_pickaxe":1,"minecraft:iron_sword":1,"minecraft:furnace":3,"minecraft:stone_axe":2,"minecraft:cooked_mutton":14,"minecraft:bread":45,"minecraft:air":0,"minecraft:oak_boat":1,"minecraft:string":4,"minecraft:leather":2,"minecraft:iron_pickaxe":2,"minecraft:stick":16,"quark:oak_chest":2,"minecraft:iron_ingot":11,"minecraft:stone_pickaxe":1,"luminousworld:cooked_venison":2,"minecraft:torch":16,"minecraft:cooked_rabbit":2,"minecraft:wheat":99},"minecraft:used":{"minecraft:cooked_mutton":4,"minecraft:stone_pickaxe":131,"minecraft:oak_planks":1,"minecraft:wooden_pickaxe":3,"minecraft:iron_sword":3,"minecraft:torch":2,"minecraft:dirt":4,"minecraft:crafting_table":6,"minecraft:blast_furnace":1,"minecraft:white_bed":4,"minecraft:dripstone_block":2,"mowziesmobs:wrought_axe":8,"mowziesmobs:wrought_helmet":1,"minecraft:bread":5,"minecraft:iron_pickaxe":204,"minecraft:stone_axe":146,"minecraft:cobblestone":10,"minecraft:beef":6,"minecraft:furnace":3,"minecraft:bucket":2,"tombstone:gift":2,"minecraft:oak_boat":3,"minecraft:cobweb":2},"minecraft:broken":{"minecraft:stone_pickaxe":1,"minecraft:stone_axe":1},"minecraft:picked_up":{"minecraft:crafting_table":5,"minecraft:wheat":1,"minecraft:azure_bluet":1,"luminousworld:ishstone":11,"minecraft:leather":12,"minecraft:oak_stairs":1,"minecraft:oak_log":10,"luminousworld:raw_venison":3,"mowziesmobs:wrought_axe":2,"minecraft:string":4,"minecraft:dirt":11,"minecraft:wheat_seeds":4,"minecraft:cobbled_deepslate":18,"minecraft:smooth_stone":1,"minecraft:rabbit_hide":7,"minecraft:beef":19,"minecraft:oak_boat":3,"minecraft:poppy":1,"minecraft:rabbit":2,"minecraft:coal_block":3,"minecraft:furnace":3,"minecraft:raw_iron":11,"minecraft:stick":2,"minecraft:torch":1,"minecraft:poisonous_potato":1,"minecraft:dripstone_block":3,"minecraft:porkchop":2,"mowziesmobs:wrought_helmet":1,"minecraft:stone_button":1,"minecraft:pointed_dripstone":3,"minecraft:blast_furnace":2,"minecraft:white_bed":4,"minecraft:rabbit_foot":3,"minecraft:rotten_flesh":6,"luminousworld:cooked_venison":1,"minecraft:hay_block":11,"minecraft:granite":19,"tombstone:magic_scroll":1,"minecraft:oak_sapling":3,"iceandfire:raw_silver":2,"minecraft:mutton":14,"minecraft:coal":32,"minecraft:white_wool":9,"minecraft:cobblestone":236}},"DataVersion":3465}