{"stats":{"minecraft:killed_by":{"iceandfire:ghost":1,"alexsmobs:bison":1},"minecraft:mined":{"minecraft:white_bed":2,"iceandfire:silver_ore":2,"minecraft:crafting_table":4,"minecraft:blast_furnace":2,"minecraft:grass_block":3,"luminousworld:grassvariant_2":4,"minecraft:coal_block":3,"minecraft:tall_grass":6,"minecraft:hay_block":11,"minecraft:iron_ore":11,"minecraft:azure_bluet":1,"minecraft:grass":13,"minecraft:pointed_dripstone":1,"minecraft:coal_ore":22,"minecraft:oak_log":10,"minecraft:dripstone_block":2,"minecraft:dirt":8,"luminousworld:grassvariant_3":2,"minecraft:stone":140,"minecraft:oak_leaves":10},"minecraft:killed":{"luminousworld:deer":2,"born_in_chaos_v1:zombie_clown":1,"minecraft:pig":1,"earthmobsmod:jumbo_rabbit":3,"undead_revamp2:the_moonflower":1,"minecraft:spider":2,"enemyexpansion:direwolf":4,"minecraft:sheep":9,"minecraft:goat":1,"minecraft:zombie":1,"enemyexpansion:botfly":1,"friendsandfoes:moobloom":1,"earthmobsmod:albino_cow":4,"minecraft:cow":4},"minecraft:dropped":{"minecraft:wheat_seeds":73,"minecraft:poisonous_potato":1,"minecraft:pointed_dripstone":3,"minecraft:tall_grass":1,"iceandfire:ectoplasm":1,"minecraft:azure_bluet":1,"minecraft:poppy":1,"minecraft:oxeye_daisy":1,"minecraft:rabbit_hide":3,"minecraft:grass":1,"minecraft:stone_button":1,"minecraft:skeleton_skull":1,"minecraft:acacia_sapling":1,"minecraft:oak_sapling":3,"minecraft:oak_stairs":1,"minecraft:gold_nugget":1,"minecraft:wooden_pickaxe":1,"minecraft:smooth_stone":1},"minecraft:crafted":{"minecraft:oak_planks":40,"minecraft:coal":27,"sophisticatedbackpacks:backpack":1,"minecraft:crafting_table":1,"minecraft:wooden_pickaxe":1,"minecraft:stone_axe":2,"minecraft:bread":33,"minecraft:air":0,"minecraft:oak_boat":1,"minecraft:string":4,"minecraft:leather":1,"minecraft:iron_pickaxe":1,"minecraft:stick":16,"quark:oak_chest":1,"minecraft:iron_ingot":11,"minecraft:stone_pickaxe":1,"minecraft:wheat":99},"minecraft:custom":{"minecraft:interact_with_furnace":2,"minecraft:mob_kills":35,"minecraft:interact_with_crafting_table":13,"minecraft:damage_dealt_resisted":20,"minecraft:leave_game":1,"minecraft:time_since_death":13578,"minecraft:sleep_in_bed":1,"minecraft:climb_one_cm":698,"minecraft:time_since_rest":12990,"minecraft:sprint_one_cm":205550,"minecraft:damage_taken":864,"minecraft:walk_one_cm":137798,"minecraft:trigger_trapped_chest":1,"minecraft:drop":20,"minecraft:damage_dealt":5043,"minecraft:swim_one_cm":2264,"minecraft:talked_to_villager":1,"minecraft:fly_one_cm":218009,"minecraft:open_chest":11,"minecraft:crouch_one_cm":3796,"minecraft:play_time":41065,"tombstone:undead_killed":3,"minecraft:deaths":3,"minecraft:sneak_time":930,"minecraft:walk_under_water_one_cm":367,"minecraft:boat_one_cm":80875,"minecraft:jump":1139,"minecraft:interact_with_blast_furnace":9,"minecraft:walk_on_water_one_cm":8738,"minecraft:total_world_time":41065,"minecraft:fall_one_cm":27545},"minecraft:used":{"minecraft:stone_pickaxe":131,"minecraft:wooden_pickaxe":3,"minecraft:torch":1,"minecraft:dirt":4,"minecraft:crafting_table":4,"minecraft:blast_furnace":1,"minecraft:white_bed":1,"minecraft:dripstone_block":2,"minecraft:bread":5,"minecraft:iron_pickaxe":49,"minecraft:stone_axe":144,"minecraft:cobblestone":10,"minecraft:beef":6,"minecraft:bucket":2,"tombstone:gift":2,"minecraft:oak_boat":2},"minecraft:broken":{"minecraft:stone_pickaxe":1,"minecraft:stone_axe":1},"minecraft:picked_up":{"minecraft:crafting_table":4,"minecraft:wheat":1,"minecraft:azure_bluet":1,"minecraft:leather":10,"minecraft:oak_stairs":1,"minecraft:oak_log":10,"luminousworld:raw_venison":3,"minecraft:string":2,"minecraft:dirt":11,"minecraft:wheat_seeds":4,"minecraft:smooth_stone":1,"minecraft:rabbit_hide":7,"minecraft:beef":19,"minecraft:oak_boat":2,"minecraft:poppy":1,"minecraft:rabbit":2,"minecraft:coal_block":3,"minecraft:raw_iron":11,"minecraft:stick":2,"minecraft:torch":1,"minecraft:poisonous_potato":1,"minecraft:dripstone_block":2,"minecraft:porkchop":2,"minecraft:stone_button":1,"minecraft:pointed_dripstone":3,"minecraft:blast_furnace":2,"minecraft:white_bed":2,"minecraft:rabbit_foot":3,"minecraft:rotten_flesh":5,"minecraft:hay_block":11,"tombstone:magic_scroll":1,"minecraft:oak_sapling":3,"iceandfire:raw_silver":2,"minecraft:mutton":14,"minecraft:coal":22,"minecraft:white_wool":9,"minecraft:cobblestone":137}},"DataVersion":3465}