{"stats":{"minecraft:mined":{"minecraft:grass_block":3,"minecraft:oak_log":10,"minecraft:dirt":8,"minecraft:stone":10,"minecraft:crafting_table":1,"minecraft:oak_leaves":5},"minecraft:killed":{"minecraft:cow":3},"minecraft:dropped":{"minecraft:wooden_pickaxe":1},"minecraft:crafted":{"minecraft:oak_boat":1,"minecraft:oak_planks":40,"minecraft:stone_axe":1,"minecraft:crafting_table":1,"minecraft:stick":16,"minecraft:stone_pickaxe":1,"minecraft:wooden_pickaxe":1},"minecraft:custom":{"minecraft:time_since_rest":5065,"minecraft:sprint_one_cm":5552,"minecraft:play_time":5065,"minecraft:walk_one_cm":12112,"minecraft:mob_kills":3,"minecraft:boat_one_cm":16245,"minecraft:drop":1,"minecraft:jump":55,"minecraft:damage_dealt":300,"minecraft:walk_on_water_one_cm":135,"minecraft:leave_game":1,"minecraft:time_since_death":5065,"minecraft:total_world_time":5065,"minecraft:interact_with_crafting_table":3,"minecraft:fall_one_cm":1103,"minecraft:fly_one_cm":5051},"minecraft:used":{"minecraft:stone_axe":7,"minecraft:dirt":1,"minecraft:crafting_table":1,"minecraft:stone_pickaxe":7,"minecraft:oak_boat":1,"minecraft:wooden_pickaxe":3},"minecraft:picked_up":{"minecraft:stick":1,"minecraft:crafting_table":1,"minecraft:leather":1,"minecraft:beef":9,"minecraft:oak_boat":1,"minecraft:oak_log":10,"minecraft:oak_sapling":3,"minecraft:dirt":11,"minecraft:cobblestone":10}},"DataVersion":3465}