{"stats":{"minecraft:killed_by":{"minecraft:zombie":1,"minecraft:enderman":1,"enemyexpansion:huntsman":1,"iceandfire:fire_dragon":7},"minecraft:mined":{"minecraft:crafting_table":2,"minecraft:granite":6,"minecraft:grass_block":3,"luminousworld:grassvariant_2":2,"minecraft:tall_grass":3,"minecraft:diorite":7,"minecraft:furnace":1,"minecraft:fire":12,"minecraft:lilac":5,"minecraft:andesite":2,"iceandfire:ash":2,"minecraft:dark_oak_stairs":1,"minecraft:coal_ore":6,"minecraft:grass":6,"minecraft:oak_log":26,"minecraft:dirt":7,"minecraft:stone":32,"minecraft:oak_leaves":1},"minecraft:killed":{"minecraft:pig":7,"earthmobsmod:jumbo_rabbit":1,"born_in_chaos_v1:restless_spirit":1,"born_in_chaos_v1:zombie_lumberjack":1,"enemyexpansion:direwolf":1,"born_in_chaos_v1:maggot":5,"luminousworld:crab":1,"minecraft:skeleton":10,"minecraft:sheep":4,"minecraft:zombie":2,"iceandfire:fire_dragon":1,"born_in_chaos_v1:dread_hound":1,"enemyexpansion:huntsman":1,"minecraft:cow":7},"minecraft:custom":{"minecraft:interact_with_furnace":9,"minecraft:mob_kills":44,"minecraft:interact_with_crafting_table":17,"minecraft:leave_game":4,"minecraft:time_since_death":13040,"minecraft:climb_one_cm":874,"minecraft:time_since_rest":13004,"minecraft:damage_taken":3128,"minecraft:sprint_one_cm":147467,"minecraft:walk_one_cm":183844,"minecraft:damage_blocked_by_shield":640,"minecraft:drop":80,"minecraft:damage_dealt":8144,"minecraft:swim_one_cm":7754,"minecraft:fly_one_cm":269148,"minecraft:open_chest":20,"minecraft:play_time":51353,"minecraft:crouch_one_cm":2274,"tombstone:undead_killed":14,"minecraft:deaths":10,"minecraft:sneak_time":805,"minecraft:walk_under_water_one_cm":4831,"minecraft:jump":1385,"minecraft:walk_on_water_one_cm":6824,"minecraft:total_world_time":51353,"minecraft:fall_one_cm":28973},"minecraft:dropped":{"iceandfire:dragonscales_gray":4,"minecraft:wheat_seeds":2,"minecraft:lilac":8,"minecraft:oak_log":2,"minecraft:wheat":1,"born_in_chaos_v1:ethereal_spirit":2,"minecraft:experience_bottle":1,"minecraft:book":2,"minecraft:lantern":5,"minecraft:leather":4,"minecraft:granite":6,"minecraft:dark_oak_fence_gate":1,"minecraft:rabbit_foot":1,"minecraft:rabbit_hide":2,"minecraft:oxeye_daisy":3,"born_in_chaos_v1:monster_flesh":1,"supplementaries:ash":46,"luminousworld:grassflowers":1,"minecraft:torch":1,"minecraft:diorite":7,"minecraft:stone_button":14,"tombstone:grave_key":1,"minecraft:rabbit":1,"minecraft:wooden_axe":1,"born_in_chaos_v1:corpse_maggot":1,"minecraft:stone_brick_wall":1,"minecraft:oak_sapling":1,"tombstone:grave_dust":2,"minecraft:oak_stairs":2,"minecraft:gold_nugget":28,"iceandfire:ash":15,"minecraft:arrow":14,"minecraft:wooden_pickaxe":2},"minecraft:crafted":{"minecraft:cooked_beef":3,"iceandfire:armor_gray_boots":1,"minecraft:oak_planks":104,"sophisticatedbackpacks:backpack":1,"minecraft:cooked_porkchop":3,"minecraft:diamond_axe":1,"minecraft:crafting_table":1,"minecraft:wooden_pickaxe":1,"minecraft:furnace":1,"minecraft:stone_axe":1,"iceandfire:armor_gray_chestplate":1,"minecraft:air":0,"minecraft:string":4,"minecraft:leather":1,"minecraft:shield":1,"minecraft:stick":16,"quark:oak_chest":1,"minecraft:stone_pickaxe":2,"minecraft:wooden_axe":2},"minecraft:used":{"minecraft:stone_pickaxe":49,"minecraft:oak_planks":4,"minecraft:shield":25,"minecraft:wooden_pickaxe":14,"minecraft:diamond_axe":78,"minecraft:dirt":10,"minecraft:mutton":4,"minecraft:crafting_table":3,"minecraft:wooden_axe":60,"minecraft:bread":1,"iceandfire:ash":1,"minecraft:stone_axe":76,"minecraft:cobblestone":6,"minecraft:beef":5,"minecraft:cooked_porkchop":2,"minecraft:furnace":2,"minecraft:porkchop":8,"tombstone:gift":4,"alexsmobs:animal_dictionary":4,"minecraft:egg":1,"minecraft:cooked_beef":3},"minecraft:broken":{"minecraft:stone_axe":1,"minecraft:wooden_axe":1},"minecraft:picked_up":{"born_in_chaos_v1:corpse_maggot":1,"minecraft:crafting_table":2,"minecraft:wheat":2,"minecraft:lilac":2,"born_in_chaos_v1:monster_flesh":1,"minecraft:andesite":2,"minecraft:leather":7,"minecraft:wooden_pickaxe":1,"minecraft:oak_stairs":3,"minecraft:stone_brick_wall":1,"minecraft:oak_log":29,"tombstone:grave_key":1,"minecraft:dirt":10,"minecraft:lantern":6,"born_in_chaos_v1:monster_skin":1,"minecraft:bone":9,"minecraft:experience_bottle":1,"minecraft:wheat_seeds":4,"minecraft:gold_nugget":70,"minecraft:rabbit_hide":6,"minecraft:iron_ingot":1,"minecraft:beef":27,"tombstone:bag_of_seeds":1,"minecraft:rabbit":2,"iceandfire:fire_dragon_flesh":2,"minecraft:furnace":1,"minecraft:egg":1,"iceandfire:dragonbone":9,"iceandfire:dragonscales_gray":16,"minecraft:torch":1,"iceandfire:shiny_scales":1,"iceandfire:ash":15,"born_in_chaos_v1:ethereal_spirit":2,"iceandfire:dragon_skull_fire":1,"minecraft:porkchop":17,"minecraft:stone_button":13,"minecraft:cherry_log":1,"minecraft:diorite":7,"minecraft:dark_oak_fence_gate":1,"minecraft:rabbit_foot":1,"minecraft:brick_slab":1,"luminousworld:grassflowers":1,"minecraft:arrow":17,"minecraft:rotten_flesh":4,"iceandfire:fire_dragon_heart":1,"minecraft:granite":6,"supplementaries:ash":44,"minecraft:oak_sapling":1,"minecraft:mutton":4,"minecraft:coal":6,"minecraft:white_wool":3,"minecraft:cobblestone":32,"minecraft:oxeye_daisy":6}},"DataVersion":3465}