{"stats":{"minecraft:killed_by":{"minecraft:wither_skeleton":1,"minecraft:drowned":1,"minecraft:vindicator":5,"minecraft:cave_spider":2,"minecraft:zombie":2,"minecraft:vex":2,"minecraft:illusioner":4,"minecraft:enderman":1,"minecraft:skeleton":3},"minecraft:custom":{"minecraft:blood":0,"lootr:looted_stat":84,"minecraft:dexterity":5,"minecraft:interact_with_crafting_table":23,"minecraft:leave_game":7,"minecraft:time_since_death":3366,"minecraft:damage_resisted":0,"minecraft:sprint_one_cm":729625,"minecraft:drop":186,"minecraft:health":377,"minecraft:talked_to_villager":2,"minecraft:play_time":360194,"minecraft:deaths":21,"minecraft:jump":6879,"minecraft:interact_with_brewingstand":2,"minecraft:energy":200,"minecraft:walk_on_water_one_cm":49986,"minecraft:interact_with_furnace":5,"minecraft:intelligence":38,"minecraft:play_record":1,"minecraft:sleep_in_bed":2,"minecraft:levels_gained":16,"minecraft:waystone_activated":1,"minecraft:damage_dealt":13178,"minecraft:player_kills":2,"minecraft:crouch_one_cm":3638,"minecraft:mob_kills":444,"minecraft:damage_dealt_resisted":144,"minecraft:climb_one_cm":17046,"minecraft:mana":200,"minecraft:magic_shield":0,"minecraft:walk_one_cm":886799,"minecraft:damage_dealt_absorbed":137,"minecraft:sneak_time":1469,"minecraft:walk_under_water_one_cm":25738,"minecraft:total_world_time":360194,"minecraft:move_speed":0,"minecraft:raid_trigger":1,"minecraft:time_since_rest":3430,"minecraft:damage_absorbed":958,"minecraft:damage_taken":16326,"minecraft:swim_one_cm":29695,"minecraft:fly_one_cm":1174167,"minecraft:strength":7,"minecraft:fall_one_cm":183067},"minecraft:crafted":{"minecraft:oak_planks":12,"minecraft:cracked_stone_bricks":4,"explorerscompass:explorerscompass":1,"minecraft:crafting_table":6,"minecraft:spruce_planks":4,"sophisticatedbackpacks:diamond_backpack":1,"minecraft:stick":5,"minecraft:compass":1,"minecraft:gold_ingot":1,"minecraft:spruce_button":3,"minecraft:furnace":1,"minecraft:bone_meal":15,"minecraft:spruce_boat":1,"minecraft:dark_oak_planks":1,"sophisticatedbackpacks:iron_backpack":1,"sophisticatedbackpacks:gold_backpack":1,"minecraft:bucket":2,"minecraft:air":110,"minecraft:oak_boat":2,"minecraft:wooden_axe":1,"chococraft:chocobo_saddle":1},"minecraft:mined":{"minecraft:potted_dead_bush":1,"minecraft:grass_block":1,"minecraft:fire":3,"chococraft:gysahl_green":10,"minecraft:dirt_path":1,"minecraft:iron_bars":2,"minecraft:azalea_leaves":2,"minecraft:spruce_slab":1,"minecraft:tripwire":2,"minecraft:powder_snow":6,"minecraft:melon":3,"minecraft:cobblestone":6,"minecraft:sugar_cane":4,"minecraft:oak_planks":2,"minecraft:iron_door":1,"minecraft:grass":11,"minecraft:oak_log":7,"minecraft:dirt":2,"minecraft:tripwire_hook":2,"minecraft:dark_oak_log":5,"minecraft:decorated_pot":3,"minecraft:bookshelf":1,"minecraft:stone":29,"betterarcheology:growth_totem":1,"minecraft:crafting_table":6,"minecraft:tall_grass":2,"minecraft:purple_bed":2,"betterarcheology:loot_vase_creeper":2,"minecraft:spruce_log":5,"betterarcheology:loot_vase_green":2,"minecraft:coal_ore":2,"minecraft:gravel":1,"betterarcheology:evoker_trap":1,"minecraft:cobweb":12,"minecraft:stone_bricks":4,"minecraft:mossy_stone_bricks":4},"minecraft:used":{"minecraft:decorated_pot":1,"minecraft:zombie_spawn_egg":1,"minecraft:rotten_flesh":2,"minecraft:skeleton_spawn_egg":1,"minecraft:spruce_boat":1,"minecraft:lava_bucket":10,"mmorpg:weapon/staff/diamond":49,"minecraft:bow":1,"minecraft:furnace":1,"cte_essentials:cloth_0_boots":1,"minecraft:egg":3,"minecraft:oak_planks":22,"minecraft:ender_pearl":6,"minecraft:golden_apple":2,"minecraft:crossbow":1,"minecraft:melon_slice":11,"minecraft:bread":14,"minecraft:gravel":1,"chococraft:gysahl_green":15,"minecraft:oak_boat":4,"minecraft:bone_meal":27,"minecraft:experience_bottle":35,"minecraft:iron_bars":1,"minecraft:flint_and_steel":7,"minecraft:spruce_planks":2,"gateways:gate_pearl":3,"minecraft:wooden_axe":5,"minecraft:dark_oak_planks":1,"minecraft:totem_of_undying":2,"minecraft:cooked_mutton":4,"minecraft:water_bucket":11,"minecraft:bundle":2,"minecraft:music_disc_cat":1,"minecraft:crafting_table":9,"minecraft:apple":6,"minecraft:iron_pickaxe":54,"mmorpg:weapon/staff/iron":213,"minecraft:cobblestone":43,"minecraft:potion":1,"minecraft:purple_bed":1,"minecraft:cooked_porkchop":2,"minecraft:bucket":22},"minecraft:killed":{"minecraft:cave_spider":4,"minecraft:witch":31,"aquaculture:red_grouper":1,"minecraft:spider":28,"minecraft:skeleton":46,"minecraft:chicken":2,"minecraft:illusioner":4,"minecraft:piglin":1,"minecraft:pig":2,"minecraft:zombie_villager":3,"riskofrain_mobs:lemurian_entity":8,"mutantmonsters:mutant_skeleton":1,"minecraft:creeper":20,"minecraft:sheep":5,"minecraft:pillager":76,"minecraft:zombie":95,"alexsmobs:fly":1,"mutantmonsters:mutant_creeper":1,"minecraft:cow":5,"chococraft:chocobo":4,"minecraft:evoker":3,"minecraft:vex":35,"minecraft:vindicator":9,"creeperoverhaul:snowy_creeper":1,"friendsandfoes:mauler":1,"minecraft:drowned":3,"minecraft:husk":6,"mutantmonsters:creeper_minion":1,"mutantmonsters:mutant_zombie":2,"minecraft:wither_skeleton":3,"minecraft:enderman":20},"minecraft:dropped":{"minecraft:iron_sword":1,"chococraft:loverly_gysahl_green":2,"minecraft:ender_pearl":1,"minecraft:glass_bottle":1,"minecraft:decorated_pot":1,"minecraft:crossbow":7,"betterarcheology:evoker_trap":1,"minecraft:dirt":3,"mmorpg:gems/emerald/0":1,"cte_essentials:cloth_1_leggings":2,"minecraft:wooden_sword":3,"minecraft:bone_meal":8,"minecraft:sugar":1,"minecraft:white_wool":4,"cte_essentials:leather_0_helmet":1,"mmorpg:rare_mats/farming/lesser":1,"mmorpg:offhand/dodge/wood":1,"minecraft:sugar_cane":12,"minecraft:rotten_flesh":19,"minecraft:oak_planks":4,"cte_essentials:plate_0_chestplate":1,"minecraft:glowstone_dust":2,"mmorpg:weapon/staff/diamond":1,"minecraft:carrot":4,"minecraft:chainmail_chestplate":1,"mmorpg:weapon/staff/iron":1,"minecraft:poppy":1,"supplementaries:ash":3,"aquaculture:wooden_fillet_knife":1,"minecraft:gunpowder":5,"minecraft:trident":3,"betterarcheology:growth_totem":1,"cte_essentials:cloth_0_helmet":5,"mmorpg:gems/garnet/0":1,"doggytalents:rice_grains":1,"minecraft:iron_bars":2,"minecraft:arrow":6,"minecraft:egg":1,"minecraft:bread":18,"minecraft:water_bucket":1,"minecraft:enchanted_book":4,"cte_essentials:leather_0_boots":2,"mmorpg:stat_soul":3,"minecraft:wheat_seeds":1,"mmorpg:jewel/dex":2,"minecraft:golden_axe":1,"minecraft:iron_helmet":1,"minecraft:cobblestone":18,"chococraft:gysahl_green_seeds":11,"minecraft:spruce_button":3,"mmorpg:skill_gems/support/int":1,"minecraft:coal":3,"minecraft:golden_apple":1,"mmorpg:weapon/staff/wood":6,"minecraft:stick":12,"mmorpg:runes/mos":3,"illagerinvasion:platinum_chunk":7,"cte_essentials:leather_1_leggings":1,"minecraft:wooden_axe":1,"chococraft:chocobo_drumstick_raw":1,"minecraft:white_banner":7,"minecraft:tripwire_hook":3,"minecraft:spruce_sapling":2,"cte_essentials:leather_1_helmet":1,"minecraft:coarse_dirt":4,"chococraft:chocobo_feather":5,"minecraft:raw_iron":5,"mmorpg:gems/topaz/1":1,"minecraft:iron_hoe":2,"mmorpg:jewelry/necklace/iron":1,"minecraft:pumpkin_seeds":6,"minecraft:suspicious_stew":1,"minecraft:diamond_sword":2,"minecraft:potato":4,"farmersdelight:flint_knife":7,"mmorpg:offhand/tome/wood":2,"minecraft:iron_chestplate":1,"minecraft:mossy_stone_bricks":1,"minecraft:oak_boat":1,"minecraft:spider_eye":2,"minecraft:stone_bricks":4,"cte_essentials:cloth_0_chestplate":3,"minecraft:spruce_log":1,"mmorpg:jewelry/ring/iron":1,"minecraft:bow":3,"stalwart_dungeons:wooden_hammer":2,"chococraft:gysahl_green":4,"cte_essentials:plate_1_boots":1,"mutantmonsters:mutant_skeleton_skull":1,"cte_essentials:cloth_0_leggings":1,"cte_essentials:leather_0_leggings":1},"minecraft:picked_up":{"minecraft:wooden_axe":1,"chococraft:loverly_gysahl_green":4,"illagerinvasion:platinum_chunk":36,"minecraft:suspicious_stew":1,"minecraft:diamond_sword":1,"minecraft:string":36,"mutantmonsters:mutant_skeleton_skull":2,"minecraft:bucket":2,"mmorpg:runes/mos":3,"minecraft:melon_slice":12,"minecraft:stick":11,"mmorpg:gems/emerald/0":1,"minecraft:porkchop":1,"mmorpg:jewelry/necklace/iron":1,"gateways:gate_pearl":1,"cte_essentials:plate_5_leggings":2,"mutantmonsters:mutant_skeleton_pelvis":1,"cte_essentials:cloth_0_boots":1,"minecraft:rotten_flesh":61,"mmorpg:runes/ita":2,"cte_essentials:cloth_1_leggings":6,"chococraft:chocobo_drumstick_raw":2,"supplementaries:ash":3,"mutantmonsters:mutant_skeleton_shoulder_pad":2,"minecraft:iron_bars":3,"minecraft:blaze_powder":3,"minecraft:cobblestone":60,"minecraft:water_bucket":2,"stalwart_dungeons:wooden_hammer":2,"cte_essentials:leather_1_leggings":9,"minecraft:brown_wool":1,"cte_essentials:leather_1_helmet":1,"mmorpg:gems/azurite/0":2,"minecraft:potato":4,"mmorpg:chest/common_gear":1,"cte_essentials:plate_1_boots":1,"minecraft:dirt":4,"minecraft:bone":33,"minecraft:bow":4,"minecraft:wheat_seeds":1,"minecraft:glowstone_dust":2,"minecraft:mossy_stone_bricks":4,"minecraft:oak_planks":6,"mmorpg:skill_gems/support/str":2,"mmorpg:offhand/tome/wood":1,"cte_essentials:leather_0_boots":2,"betterarcheology:evoker_trap":1,"sophisticatedbackpacks:iron_backpack":1,"minecraft:dark_oak_log":5,"mmorpg:jewel/int":1,"mmorpg:gems/garnet/0":1,"minecraft:sugar":1,"minecraft:diamond":1,"minecraft:crossbow":8,"minecraft:golden_apple":1,"minecraft:bread":15,"minecraft:emerald":42,"minecraft:chorus_fruit":2,"mmorpg:skill_gems/aura/int":2,"minecraft:crafting_table":5,"mmorpg:gems/topaz/1":1,"minecraft:coarse_dirt":4,"mmorpg:gems/topaz/0":1,"minecraft:splash_potion":4,"mmorpg:skill_gems/aura/str":1,"mmorpg:weapon/staff/diamond":2,"mmorpg:jewelry/ring/iron":1,"cte_essentials:leather_5_boots":1,"cte_essentials:cloth_0_leggings":3,"minecraft:wooden_sword":5,"minecraft:beef":8,"minecraft:oak_boat":3,"cte_essentials:cloth_0_helmet":5,"mmorpg:stone/0":12,"minecraft:poppy":1,"minecraft:spruce_slab":1,"minecraft:sugar_cane":12,"minecraft:egg":4,"cte_essentials:cloth_0_chestplate":3,"cte_essentials:leather_0_leggings":3,"minecraft:note_block":1,"minecraft:carrot":4,"minecraft:trident":7,"mmorpg:skill_gems/support/int":2,"minecraft:redstone":15,"mmorpg:potions/reset_spells":1,"minecraft:arrow":9,"minecraft:decorated_pot":2,"mmorpg:currency/affix_common_reroll":1,"mutantmonsters:mutant_skeleton_rib":5,"mmorpg:currency/level_up_orb":3,"minecraft:gold_ingot":1,"minecraft:totem_of_undying":2,"minecraft:mutton":5,"minecraft:white_wool":5,"minecraft:tripwire_hook":3,"minecraft:leather":6,"doggytalents:rice_grains":1,"minecraft:oak_log":7,"minecraft:gunpowder":8,"mutantmonsters:mutant_skeleton_limb":7,"farmersdelight:flint_knife":7,"minecraft:white_banner":7,"chococraft:chocobo_feather":10,"chococraft:gysahl_green":39,"minecraft:stone_bricks":8,"minecraft:iron_ingot":5,"mmorpg:rare_mats/farming/lesser":1,"lightmanscurrency:coin_iron":84,"minecraft:iron_sword":1,"minecraft:book":3,"minecraft:gravel":1,"mmorpg:stat_soul":10,"chococraft:gysahl_green_seeds":11,"minecraft:spruce_sapling":2,"minecraft:spruce_log":5,"mmorpg:weapon/staff/wood":5,"mmorpg:weapon/staff/iron":1,"illagerinvasion:illusionary_dust":2,"minecraft:spider_eye":5,"mmorpg:offhand/dodge/wood":1,"lightmanscurrency:coin_copper":183,"minecraft:pumpkin_seeds":6,"minecraft:purple_bed":1,"aquaculture:wooden_fillet_knife":1,"betterarcheology:growth_totem":1,"lightmanscurrency:coin_gold":1,"minecraft:black_wool":1,"minecraft:coal":10,"minecraft:ender_pearl":7},"minecraft:broken":{"cte_essentials:cloth_0_leggings":2,"cte_essentials:cloth_0_helmet":1}},"DataVersion":3465}