{"stats":{"minecraft:picked_up":{"mmorpg:gems/topaz/0":1,"minecraft:crafting_table":1,"illagerinvasion:platinum_chunk":5,"stalwart_dungeons:wooden_hammer":1,"minecraft:leather":5,"minecraft:brown_wool":1,"mmorpg:gems/azurite/0":1,"doggytalents:rice_grains":1,"mmorpg:stat_soul":2,"minecraft:spruce_log":2,"farmersdelight:flint_knife":1,"cte_essentials:cloth_0_leggings":1,"mmorpg:weapon/staff/iron":1,"minecraft:dark_oak_log":5,"minecraft:white_banner":2,"minecraft:wooden_sword":1,"lightmanscurrency:coin_copper":21,"mmorpg:gems/garnet/0":1,"minecraft:rotten_flesh":2,"minecraft:crossbow":3,"minecraft:beef":7,"minecraft:emerald":8,"minecraft:poppy":1,"lightmanscurrency:coin_iron":12,"minecraft:chorus_fruit":1,"minecraft:iron_sword":1,"minecraft:mutton":3,"minecraft:white_wool":1},"minecraft:crafted":{"minecraft:crafting_table":1,"minecraft:stick":1,"minecraft:spruce_planks":2,"minecraft:wooden_axe":1,"minecraft:dark_oak_planks":1,"minecraft:air":18},"minecraft:mined":{"minecraft:spruce_log":2,"minecraft:dark_oak_log":5,"minecraft:crafting_table":1,"minecraft:grass":1},"minecraft:custom":{"lootr:looted_stat":1,"minecraft:time_since_rest":17814,"minecraft:blood":0,"minecraft:magic_shield":22,"minecraft:damage_absorbed":240,"minecraft:sprint_one_cm":47257,"minecraft:damage_taken":134,"minecraft:walk_one_cm":65580,"minecraft:mob_kills":45,"minecraft:drop":8,"minecraft:dexterity":0,"minecraft:intelligence":4,"minecraft:damage_dealt":3173,"minecraft:move_speed":0,"minecraft:health":185,"minecraft:interact_with_crafting_table":1,"minecraft:fly_one_cm":43629,"minecraft:play_time":17814,"minecraft:sneak_time":7,"minecraft:jump":298,"minecraft:energy":100,"minecraft:leave_game":3,"minecraft:time_since_death":17814,"minecraft:strength":1,"minecraft:damage_resisted":0,"minecraft:total_world_time":17814,"minecraft:fall_one_cm":6478,"minecraft:levels_gained":6,"minecraft:mana":100},"minecraft:used":{"minecraft:wooden_axe":5,"minecraft:bread":3,"mmorpg:weapon/staff/iron":40,"minecraft:crafting_table":1},"minecraft:killed":{"minecraft:skeleton":3,"minecraft:sheep":2,"minecraft:pillager":22,"minecraft:zombie":6,"minecraft:spider":5,"minecraft:creeper":2,"minecraft:enderman":1,"minecraft:cow":4},"minecraft:dropped":{"mmorpg:gems/garnet/0":1,"minecraft:crossbow":2,"doggytalents:rice_grains":1,"minecraft:white_banner":2,"minecraft:white_wool":1,"minecraft:poppy":1}},"DataVersion":3465}