{"stats":{"minecraft:used":{"minecraft:torch":1,"minecraft:potion":3,"minecraft:wooden_pickaxe":27},"minecraft:picked_up":{"minecraft:quartz_block":2,"minecraft:bone":2,"minecraft:rotten_flesh":2,"quark:oak_hedge":1,"cfm:oak_hedge":2,"quark:gray_shard":19},"minecraft:custom":{"minecraft:time_since_rest":15756,"minecraft:damage_taken":104,"minecraft:crouch_one_cm":17,"minecraft:sprint_one_cm":34392,"lootr:looted_stat":5,"minecraft:play_time":15756,"minecraft:walk_one_cm":55083,"minecraft:sneak_time":65,"minecraft:mob_kills":1,"minecraft:fridge_opened":1,"minecraft:jump":255,"minecraft:damage_dealt":129,"minecraft:leave_game":1,"minecraft:time_since_death":15756,"minecraft:climb_one_cm":5778,"minecraft:total_world_time":15756,"minecraft:fall_one_cm":6469,"minecraft:fly_one_cm":58450},"minecraft:killed":{"minecraft:zombie":1},"minecraft:mined":{"minecraft:gray_stained_glass":7,"quark:oak_hedge":1,"minecraft:quartz_block":4,"cfm:oak_hedge":2,"minecraft:gray_stained_glass_pane":2,"minecraft:spawner":7}},"DataVersion":2975}