{"stats":{"minecraft:killed_by":{"minecraft:enderman":1,"enemyexpansion:huntsman":1,"minecraft:zombie":1,"iceandfire:fire_dragon":7},"minecraft:mined":{"minecraft:granite":6,"minecraft:grass_block":3,"minecraft:cracked_polished_blackstone_bricks":1,"luminousworld:grassvariant_2":2,"minecraft:polished_blackstone_bricks":3,"minecraft:furnace":1,"minecraft:fire":13,"minecraft:andesite":2,"minecraft:dark_oak_stairs":1,"minecraft:stone":32,"minecraft:blackstone":8,"minecraft:basalt":3,"minecraft:crafting_table":2,"minecraft:tall_grass":3,"minecraft:diorite":7,"minecraft:lilac":5,"iceandfire:ash":2,"minecraft:grass":6,"minecraft:oak_log":26,"minecraft:coal_ore":6,"minecraft:dirt":7,"minecraft:oak_leaves":1},"minecraft:killed":{"earthmobsmod:jumbo_rabbit":1,"born_in_chaos_v1:zombie_lumberjack":1,"born_in_chaos_v1:restless_spirit":1,"enemyexpansion:direwolf":1,"born_in_chaos_v1:maggot":5,"minecraft:skeleton":10,"iceandfire:fire_dragon":1,"minecraft:piglin_brute":2,"minecraft:pig":7,"born_in_chaos_v1:diamond_termite":2,"enemyexpansion:sprinter":1,"luminousworld:crab":1,"minecraft:sheep":4,"minecraft:zombie":3,"born_in_chaos_v1:dread_hound":1,"born_in_chaos_v1:corpse_fly":1,"enemyexpansion:huntsman":1,"minecraft:cow":7},"minecraft:custom":{"minecraft:mob_kills":52,"minecraft:interact_with_crafting_table":17,"minecraft:leave_game":4,"minecraft:time_since_death":31040,"minecraft:climb_one_cm":2345,"minecraft:sprint_one_cm":201350,"minecraft:walk_one_cm":267057,"minecraft:damage_blocked_by_shield":725,"minecraft:drop":88,"minecraft:play_time":69353,"minecraft:deaths":10,"minecraft:sneak_time":1256,"minecraft:walk_under_water_one_cm":4886,"minecraft:jump":1919,"minecraft:walk_on_water_one_cm":8816,"minecraft:total_world_time":69353,"minecraft:interact_with_furnace":9,"minecraft:time_since_rest":31004,"minecraft:damage_taken":3346,"minecraft:damage_dealt":10184,"minecraft:swim_one_cm":7754,"minecraft:fly_one_cm":361921,"minecraft:open_chest":27,"minecraft:crouch_one_cm":3196,"tombstone:undead_killed":16,"minecraft:fall_one_cm":47304},"minecraft:crafted":{"minecraft:oak_planks":104,"minecraft:furnace":1,"minecraft:flint_and_steel":1,"minecraft:leather":1,"minecraft:stone_pickaxe":2,"minecraft:cooked_beef":3,"iceandfire:armor_gray_boots":1,"sophisticatedbackpacks:backpack":1,"minecraft:cooked_porkchop":3,"minecraft:diamond_axe":1,"minecraft:crafting_table":1,"minecraft:wooden_pickaxe":1,"minecraft:stone_axe":1,"iceandfire:armor_gray_chestplate":1,"minecraft:air":0,"minecraft:string":4,"minecraft:shield":1,"quark:oak_chest":1,"minecraft:stick":16,"minecraft:wooden_axe":2},"minecraft:dropped":{"minecraft:iron_ingot":3,"minecraft:iron_sword":1,"minecraft:wheat_seeds":2,"minecraft:oak_log":2,"minecraft:lilac":8,"minecraft:book":2,"minecraft:lantern":5,"minecraft:leather":4,"minecraft:granite":6,"minecraft:stick":2,"minecraft:oxeye_daisy":3,"born_in_chaos_v1:monster_flesh":1,"born_in_chaos_v1:monster_skin":1,"minecraft:diorite":7,"minecraft:stone_button":14,"minecraft:torch":1,"tombstone:grave_key":1,"minecraft:wooden_axe":1,"minecraft:rabbit":1,"tombstone:grave_dust":3,"minecraft:oak_stairs":2,"minecraft:gold_nugget":28,"iceandfire:ash":15,"iceandfire:dragonscales_gray":4,"minecraft:wheat":1,"minecraft:experience_bottle":1,"born_in_chaos_v1:ethereal_spirit":2,"sophisticatedbackpacks:backpack":1,"minecraft:dark_oak_fence_gate":1,"minecraft:rabbit_foot":1,"minecraft:rabbit_hide":2,"supplementaries:ash":46,"luminousworld:grassflowers":1,"born_in_chaos_v1:corpse_maggot":1,"minecraft:stone_brick_wall":1,"minecraft:oak_sapling":1,"minecraft:arrow":14,"minecraft:wooden_pickaxe":2},"minecraft:used":{"minecraft:flint_and_steel":1,"minecraft:shield":31,"minecraft:iron_sword":2,"minecraft:dirt":10,"minecraft:mutton":4,"minecraft:obsidian":3,"minecraft:wooden_axe":60,"minecraft:beef":5,"minecraft:furnace":2,"tombstone:gift":4,"minecraft:egg":1,"minecraft:cooked_beef":3,"minecraft:stone_pickaxe":65,"minecraft:oak_planks":39,"minecraft:wooden_pickaxe":14,"minecraft:diamond_axe":121,"minecraft:crafting_table":3,"minecraft:bread":5,"iceandfire:ash":1,"minecraft:stone_axe":76,"minecraft:cobblestone":6,"minecraft:porkchop":8,"minecraft:cooked_porkchop":3,"alexsmobs:animal_dictionary":4},"minecraft:broken":{"minecraft:stone_axe":1,"minecraft:wooden_axe":1},"minecraft:picked_up":{"born_in_chaos_v1:diamond_termite_shard":2,"minecraft:crafting_table":2,"minecraft:wheat":2,"minecraft:wooden_pickaxe":1,"minecraft:stone_brick_wall":1,"minecraft:oak_stairs":3,"tombstone:grave_key":1,"minecraft:experience_bottle":1,"minecraft:blackstone":3,"minecraft:gold_nugget":70,"minecraft:beef":27,"minecraft:egg":1,"minecraft:furnace":1,"iceandfire:dragonbone":9,"iceandfire:dragonscales_gray":16,"minecraft:torch":1,"sophisticatedbackpacks:backpack":1,"minecraft:porkchop":17,"minecraft:polished_blackstone_bricks":3,"minecraft:cherry_log":1,"minecraft:stone_button":13,"tombstone:grave_dust":1,"minecraft:diorite":7,"minecraft:rabbit_foot":1,"luminousworld:grassflowers":1,"minecraft:arrow":17,"minecraft:rotten_flesh":4,"iceandfire:fire_dragon_heart":1,"supplementaries:ash":44,"minecraft:mutton":4,"minecraft:white_wool":3,"minecraft:cobblestone":32,"minecraft:oxeye_daisy":6,"born_in_chaos_v1:corpse_maggot":3,"minecraft:basalt":1,"minecraft:lilac":2,"born_in_chaos_v1:monster_flesh":1,"minecraft:andesite":2,"minecraft:leather":7,"minecraft:oak_log":29,"minecraft:dirt":10,"minecraft:lantern":6,"born_in_chaos_v1:monster_skin":1,"minecraft:bone":9,"minecraft:wheat_seeds":4,"minecraft:rabbit_hide":6,"minecraft:iron_ingot":1,"tombstone:bag_of_seeds":1,"minecraft:rabbit":2,"iceandfire:fire_dragon_flesh":2,"iceandfire:ash":15,"born_in_chaos_v1:ethereal_spirit":2,"iceandfire:dragon_skull_fire":1,"iceandfire:shiny_scales":1,"minecraft:dark_oak_fence_gate":1,"minecraft:brick_slab":1,"minecraft:granite":6,"minecraft:oak_sapling":1,"minecraft:coal":6}},"DataVersion":3465}