{"stats":{"minecraft:killed_by":{"minecraft:spider":1,"minecraft:enderman":1,"enemyexpansion:huntsman":1,"mowziesmobs:umvuthi":1,"minecraft:warden":1,"born_in_chaos_v1:diamond_termite":1,"minecraft:zombie":1,"iceandfire:fire_dragon":13},"minecraft:mined":{"luminousworld:grassvariant_4":1,"minecraft:granite":19,"minecraft:acacia_log":2,"minecraft:grass_block":5,"minecraft:cracked_polished_blackstone_bricks":1,"luminousworld:grassvariant_2":2,"luminousworld:savanna_grass_2":1,"minecraft:polished_blackstone_bricks":3,"minecraft:furnace":2,"minecraft:iron_ore":21,"minecraft:fire":27,"minecraft:andesite":7,"minecraft:dark_oak_stairs":1,"minecraft:deepslate_iron_ore":7,"minecraft:vine":1,"minecraft:stone":134,"iceandfire:chared_cobblestone":1,"minecraft:blackstone":8,"luminousworld:tall_deadbush":1,"minecraft:basalt":3,"minecraft:crafting_table":4,"minecraft:blast_furnace":2,"minecraft:melon":8,"minecraft:tall_grass":3,"minecraft:cobblestone":9,"minecraft:lapis_ore":2,"minecraft:oak_planks":11,"minecraft:diorite":11,"supplementaries:urn":13,"minecraft:magenta_bed":1,"minecraft:tnt":1,"minecraft:lilac":5,"iceandfire:ash":2,"minecraft:grass":9,"minecraft:oak_log":57,"minecraft:coal_ore":32,"luminousworld:ishstone":20,"quark:monster_box":1,"minecraft:dirt":41,"luminousworld:grassvariant_3":1,"minecraft:cobweb":26,"luminousworld:elephant_grass":1,"minecraft:gold_ore":5,"minecraft:oak_leaves":4,"minecraft:deepslate":6,"iceandfire:chared_stone":3},"minecraft:killed":{"luminousworld:miner_zombie":1,"minecraft:cave_spider":1,"earthmobsmod:jumbo_rabbit":1,"born_in_chaos_v1:restless_spirit":1,"born_in_chaos_v1:zombie_lumberjack":1,"enemyexpansion:intruder":1,"minecraft:spider":1,"enemyexpansion:direwolf":3,"born_in_chaos_v1:zombie_bruiser":1,"born_in_chaos_v1:maggot":13,"minecraft:skeleton":11,"iceandfire:fire_dragon":1,"minecraft:piglin_brute":2,"earthmobsmod:bouldering_zombie":1,"minecraft:pig":7,"born_in_chaos_v1:diamond_termite":6,"enemyexpansion:sprinter":1,"luminousworld:crab":1,"minecraft:sheep":4,"iceandfire:ghost":1,"minecraft:zombie":6,"born_in_chaos_v1:dread_hound":2,"enemyexpansion:vampire":1,"enemyexpansion:botfly":1,"born_in_chaos_v1:corpse_fly":1,"enemyexpansion:huntsman":1,"minecraft:cow":11},"minecraft:custom":{"minecraft:mob_kills":89,"minecraft:interact_with_crafting_table":35,"minecraft:open_barrel":2,"minecraft:leave_game":6,"minecraft:time_since_death":14856,"minecraft:climb_one_cm":4088,"minecraft:sprint_one_cm":406578,"minecraft:walk_one_cm":566759,"minecraft:damage_blocked_by_shield":830,"minecraft:drop":142,"minecraft:play_time":155061,"minecraft:deaths":21,"minecraft:sneak_time":11976,"minecraft:walk_under_water_one_cm":5429,"minecraft:jump":3682,"minecraft:interact_with_blast_furnace":1,"minecraft:walk_on_water_one_cm":26366,"minecraft:total_world_time":155061,"minecraft:interact_with_furnace":19,"minecraft:time_since_rest":14770,"minecraft:damage_absorbed":68,"minecraft:damage_taken":7799,"minecraft:trigger_trapped_chest":2,"minecraft:damage_dealt":17103,"minecraft:swim_one_cm":11647,"minecraft:fly_one_cm":637770,"minecraft:open_chest":44,"minecraft:crouch_one_cm":34218,"tombstone:undead_killed":25,"minecraft:fall_one_cm":93424},"minecraft:crafted":{"minecraft:oak_planks":224,"minecraft:furnace":6,"minecraft:flint_and_steel":1,"minecraft:leather":1,"minecraft:iron_axe":1,"minecraft:stone_pickaxe":4,"minecraft:cooked_beef":10,"iceandfire:armor_gray_boots":1,"sophisticatedbackpacks:backpack":1,"minecraft:cooked_porkchop":3,"minecraft:diamond_axe":1,"minecraft:crafting_table":5,"minecraft:wooden_pickaxe":2,"minecraft:iron_helmet":1,"minecraft:stone_axe":2,"iceandfire:armor_gray_chestplate":1,"minecraft:air":0,"minecraft:iron_chestplate":1,"minecraft:oak_boat":1,"minecraft:diamond_pickaxe":1,"minecraft:string":4,"minecraft:golden_apple":3,"minecraft:shield":1,"minecraft:iron_ingot":19,"minecraft:stick":28,"quark:oak_chest":2,"minecraft:wooden_axe":2,"minecraft:gold_ingot":14,"minecraft:iron_leggings":1,"minecraft:acacia_planks":8,"minecraft:shears":1},"minecraft:dropped":{"iceandfire:chared_stone":1,"minecraft:water_bucket":1,"minecraft:iron_ingot":3,"minecraft:bread":3,"minecraft:iron_sword":1,"minecraft:wheat_seeds":2,"minecraft:lilac":8,"luminousworld:yellowpetunias":1,"minecraft:oak_log":2,"luminousworld:ishstone":2,"minecraft:book":2,"minecraft:lantern":5,"minecraft:leather":4,"minecraft:apple":9,"minecraft:granite":17,"minecraft:saddle":1,"minecraft:chainmail_helmet":1,"minecraft:coal":1,"minecraft:stick":2,"minecraft:oxeye_daisy":3,"minecraft:cobweb":8,"born_in_chaos_v1:monster_flesh":2,"minecraft:diorite":7,"born_in_chaos_v1:monster_skin":1,"minecraft:stone_button":15,"minecraft:torch":1,"tombstone:grave_key":1,"minecraft:wooden_axe":1,"minecraft:melon_slice":10,"minecraft:rabbit":1,"tombstone:grave_dust":4,"minecraft:iron_leggings":3,"minecraft:oak_stairs":2,"minecraft:gold_nugget":60,"iceandfire:ash":15,"minecraft:string":23,"iceandfire:dragonscales_gray":4,"minecraft:wheat":1,"minecraft:experience_bottle":1,"born_in_chaos_v1:ethereal_spirit":2,"minecraft:rotten_flesh":2,"minecraft:oak_planks":32,"sophisticatedbackpacks:backpack":1,"minecraft:dark_oak_fence_gate":2,"minecraft:rabbit_foot":1,"minecraft:filled_map":1,"minecraft:rabbit_hide":2,"supplementaries:ash":46,"luminousworld:grassflowers":1,"iceandfire:chared_cobblestone":2,"born_in_chaos_v1:corpse_maggot":9,"minecraft:stone_brick_wall":1,"minecraft:oak_sapling":1,"minecraft:chainmail_boots":1,"minecraft:stone_bricks":1,"luminousworld:elephant_grass":1,"minecraft:arrow":14,"minecraft:wooden_pickaxe":2,"minecraft:brick_slab":1},"minecraft:used":{"minecraft:flint_and_steel":1,"minecraft:shield":41,"minecraft:iron_sword":3,"minecraft:torch":8,"minecraft:dirt":32,"minecraft:mutton":4,"minecraft:obsidian":3,"minecraft:wooden_axe":60,"mowziesmobs:umvuthana_mask_faith":1,"minecraft:iron_axe":24,"supplementaries:bomb_blue":1,"minecraft:beef":5,"iceandfire:chared_stone":4,"supplementaries:ash":1,"minecraft:furnace":8,"tombstone:gift":6,"minecraft:egg":1,"minecraft:cooked_beef":10,"minecraft:calcite":3,"iceandfire:fire_dragon_flesh":2,"minecraft:stone_pickaxe":304,"minecraft:oak_planks":114,"minecraft:wooden_pickaxe":25,"minecraft:diamond_axe":192,"minecraft:golden_apple":2,"minecraft:crafting_table":8,"minecraft:magenta_bed":1,"minecraft:blast_furnace":1,"minecraft:white_bed":1,"minecraft:shears":26,"minecraft:oak_log":1,"minecraft:diamond_pickaxe":46,"minecraft:apple":1,"minecraft:melon_slice":13,"minecraft:iron_pickaxe":7,"minecraft:bread":11,"iceandfire:ash":1,"tombstone:grave_key":1,"minecraft:gravel":1,"iceandfire:chared_cobblestone":1,"minecraft:stone_axe":168,"minecraft:cobblestone":10,"minecraft:porkchop":9,"minecraft:cooked_porkchop":3,"quark:oak_chest":1,"minecraft:oak_boat":1,"alexsmobs:animal_dictionary":4},"minecraft:broken":{"mowziesmobs:umvuthana_mask_faith":1,"minecraft:stone_pickaxe":2,"minecraft:stone_axe":2,"minecraft:wooden_axe":1},"minecraft:picked_up":{"minecraft:crafting_table":4,"born_in_chaos_v1:diamond_termite_shard":4,"minecraft:wheat":2,"minecraft:wooden_pickaxe":1,"minecraft:oak_stairs":3,"minecraft:stone_brick_wall":1,"tombstone:grave_key":1,"minecraft:string":24,"minecraft:experience_bottle":1,"minecraft:blackstone":3,"minecraft:gold_nugget":100,"minecraft:cobbled_deepslate":4,"minecraft:beef":35,"minecraft:calcite":3,"minecraft:iron_nugget":26,"minecraft:iron_pickaxe":1,"minecraft:melon_slice":35,"minecraft:furnace":2,"minecraft:egg":1,"minecraft:raw_iron":28,"minecraft:golden_helmet":1,"iceandfire:dragonbone":9,"iceandfire:dragonscales_gray":16,"minecraft:torch":3,"minecraft:acacia_log":2,"sophisticatedbackpacks:backpack":1,"minecraft:porkchop":17,"minecraft:polished_blackstone_bricks":3,"minecraft:cherry_log":1,"minecraft:stone_button":14,"tombstone:grave_dust":1,"minecraft:diorite":10,"minecraft:rabbit_foot":1,"minecraft:tnt":1,"sophisticatedbackpacks:pickup_upgrade":1,"luminousworld:grassflowers":1,"minecraft:arrow":17,"minecraft:rotten_flesh":6,"iceandfire:fire_dragon_heart":1,"minecraft:saddle":1,"supplementaries:ash":71,"minecraft:mutton":4,"minecraft:rail":1,"minecraft:cobblestone":150,"minecraft:white_wool":3,"minecraft:oxeye_daisy":6,"born_in_chaos_v1:corpse_maggot":9,"minecraft:lilac":2,"minecraft:basalt":1,"born_in_chaos_v1:monster_flesh":2,"minecraft:andesite":7,"luminousworld:ishstone":22,"minecraft:leather":13,"minecraft:golden_leggings":1,"minecraft:filled_map":1,"minecraft:oak_log":61,"supplementaries:flax_seeds":2,"minecraft:magenta_bed":1,"minecraft:lapis_lazuli":21,"minecraft:dirt":39,"minecraft:lantern":6,"tombstone:gift":1,"born_in_chaos_v1:monster_skin":1,"minecraft:bone":23,"minecraft:stone_bricks":1,"minecraft:bow":1,"minecraft:wheat_seeds":4,"minecraft:raw_gold":5,"minecraft:rabbit_hide":6,"luminousworld:elephant_grass":1,"minecraft:iron_ingot":1,"minecraft:cobweb":33,"tombstone:bag_of_seeds":1,"minecraft:rabbit":2,"minecraft:oak_planks":10,"iceandfire:fire_dragon_flesh":2,"iceandfire:chared_stone":9,"minecraft:blast_furnace":2,"iceandfire:ash":15,"born_in_chaos_v1:ethereal_spirit":2,"earthmobsmod:harder_flesh":2,"minecraft:gravel":1,"iceandfire:dragon_skull_fire":1,"iceandfire:shiny_scales":1,"minecraft:white_bed":1,"minecraft:dark_oak_fence_gate":2,"iceandfire:chared_cobblestone":5,"minecraft:brick_slab":2,"minecraft:bundle":1,"minecraft:diamond":3,"luminousworld:yellowpetunias":1,"minecraft:granite":19,"minecraft:emerald":6,"minecraft:oak_sapling":1,"minecraft:coal":33}},"DataVersion":3465}