{"stats":{"minecraft:killed_by":{"minecraft:enderman":1,"enemyexpansion:huntsman":1,"mowziesmobs:umvuthi":1,"minecraft:warden":1,"born_in_chaos_v1:diamond_termite":1,"minecraft:zombie":1,"iceandfire:fire_dragon":13},"minecraft:mined":{"minecraft:granite":6,"minecraft:acacia_log":2,"minecraft:grass_block":3,"minecraft:cracked_polished_blackstone_bricks":1,"luminousworld:grassvariant_2":2,"luminousworld:savanna_grass_2":1,"minecraft:polished_blackstone_bricks":3,"minecraft:furnace":1,"minecraft:fire":27,"minecraft:andesite":2,"minecraft:dark_oak_stairs":1,"minecraft:stone":35,"iceandfire:chared_cobblestone":1,"minecraft:blackstone":8,"luminousworld:tall_deadbush":1,"minecraft:basalt":3,"minecraft:crafting_table":2,"minecraft:tall_grass":3,"minecraft:cobblestone":2,"minecraft:diorite":7,"minecraft:lilac":5,"iceandfire:ash":2,"minecraft:grass":7,"minecraft:oak_log":27,"minecraft:coal_ore":6,"quark:monster_box":1,"minecraft:dirt":20,"luminousworld:elephant_grass":1,"minecraft:oak_leaves":1,"minecraft:deepslate":4,"iceandfire:chared_stone":3},"minecraft:killed":{"luminousworld:miner_zombie":1,"earthmobsmod:jumbo_rabbit":1,"born_in_chaos_v1:restless_spirit":1,"born_in_chaos_v1:zombie_lumberjack":1,"enemyexpansion:direwolf":1,"born_in_chaos_v1:zombie_bruiser":1,"born_in_chaos_v1:maggot":10,"minecraft:skeleton":10,"iceandfire:fire_dragon":1,"minecraft:piglin_brute":2,"earthmobsmod:bouldering_zombie":1,"minecraft:pig":7,"born_in_chaos_v1:diamond_termite":5,"enemyexpansion:sprinter":1,"luminousworld:crab":1,"minecraft:sheep":4,"minecraft:zombie":4,"born_in_chaos_v1:dread_hound":1,"born_in_chaos_v1:corpse_fly":1,"enemyexpansion:huntsman":1,"minecraft:cow":7},"minecraft:custom":{"minecraft:mob_kills":65,"minecraft:interact_with_crafting_table":22,"minecraft:leave_game":6,"minecraft:time_since_death":898,"minecraft:climb_one_cm":2345,"minecraft:sprint_one_cm":274509,"minecraft:walk_one_cm":380956,"minecraft:damage_blocked_by_shield":830,"minecraft:drop":127,"minecraft:play_time":113061,"minecraft:deaths":20,"minecraft:sneak_time":10127,"minecraft:walk_under_water_one_cm":4916,"minecraft:jump":2773,"minecraft:walk_on_water_one_cm":13466,"minecraft:total_world_time":113061,"minecraft:interact_with_furnace":9,"minecraft:time_since_rest":655,"minecraft:damage_absorbed":40,"minecraft:damage_taken":6485,"minecraft:damage_dealt":12701,"minecraft:swim_one_cm":8193,"minecraft:fly_one_cm":484591,"minecraft:open_chest":36,"minecraft:crouch_one_cm":30521,"tombstone:undead_killed":20,"minecraft:fall_one_cm":70027},"minecraft:crafted":{"minecraft:oak_planks":108,"minecraft:furnace":1,"minecraft:flint_and_steel":1,"minecraft:leather":1,"minecraft:stone_pickaxe":2,"minecraft:cooked_beef":3,"iceandfire:armor_gray_boots":1,"sophisticatedbackpacks:backpack":1,"minecraft:cooked_porkchop":3,"minecraft:diamond_axe":1,"minecraft:crafting_table":3,"minecraft:wooden_pickaxe":1,"minecraft:stone_axe":1,"iceandfire:armor_gray_chestplate":1,"minecraft:air":0,"minecraft:oak_boat":1,"minecraft:string":4,"minecraft:golden_apple":3,"minecraft:shield":1,"minecraft:stick":16,"quark:oak_chest":1,"minecraft:wooden_axe":2,"minecraft:gold_ingot":14,"minecraft:iron_leggings":1,"minecraft:acacia_planks":8},"minecraft:dropped":{"iceandfire:chared_stone":1,"minecraft:water_bucket":1,"minecraft:iron_ingot":3,"minecraft:bread":3,"minecraft:iron_sword":1,"minecraft:wheat_seeds":2,"minecraft:lilac":8,"luminousworld:yellowpetunias":1,"minecraft:oak_log":2,"luminousworld:ishstone":2,"minecraft:book":2,"minecraft:lantern":5,"minecraft:leather":4,"minecraft:apple":9,"minecraft:granite":6,"minecraft:saddle":1,"minecraft:chainmail_helmet":1,"minecraft:coal":1,"minecraft:stick":2,"minecraft:oxeye_daisy":3,"minecraft:cobweb":8,"born_in_chaos_v1:monster_flesh":1,"minecraft:diorite":7,"born_in_chaos_v1:monster_skin":1,"minecraft:stone_button":15,"minecraft:torch":1,"tombstone:grave_key":1,"minecraft:wooden_axe":1,"minecraft:rabbit":1,"tombstone:grave_dust":4,"minecraft:iron_leggings":3,"minecraft:oak_stairs":2,"minecraft:gold_nugget":60,"iceandfire:ash":15,"minecraft:string":23,"iceandfire:dragonscales_gray":4,"minecraft:wheat":1,"minecraft:experience_bottle":1,"born_in_chaos_v1:ethereal_spirit":2,"minecraft:rotten_flesh":2,"sophisticatedbackpacks:backpack":1,"minecraft:dark_oak_fence_gate":2,"minecraft:rabbit_foot":1,"minecraft:filled_map":1,"minecraft:rabbit_hide":2,"supplementaries:ash":46,"luminousworld:grassflowers":1,"iceandfire:chared_cobblestone":2,"born_in_chaos_v1:corpse_maggot":3,"minecraft:stone_brick_wall":1,"minecraft:oak_sapling":1,"minecraft:chainmail_boots":1,"minecraft:stone_bricks":1,"luminousworld:elephant_grass":1,"minecraft:arrow":14,"minecraft:wooden_pickaxe":2,"minecraft:brick_slab":1},"minecraft:used":{"minecraft:flint_and_steel":1,"minecraft:shield":41,"minecraft:iron_sword":3,"minecraft:dirt":10,"minecraft:mutton":4,"minecraft:obsidian":3,"minecraft:wooden_axe":60,"mowziesmobs:umvuthana_mask_faith":1,"minecraft:beef":5,"iceandfire:chared_stone":4,"supplementaries:ash":1,"minecraft:furnace":2,"tombstone:gift":6,"minecraft:egg":1,"minecraft:cooked_beef":3,"minecraft:calcite":3,"iceandfire:fire_dragon_flesh":2,"minecraft:stone_pickaxe":72,"minecraft:oak_planks":58,"minecraft:wooden_pickaxe":14,"minecraft:diamond_axe":192,"minecraft:golden_apple":1,"minecraft:crafting_table":5,"minecraft:white_bed":1,"minecraft:apple":1,"minecraft:iron_pickaxe":7,"minecraft:bread":9,"iceandfire:ash":1,"tombstone:grave_key":1,"minecraft:gravel":1,"iceandfire:chared_cobblestone":1,"minecraft:stone_axe":76,"minecraft:cobblestone":10,"minecraft:porkchop":9,"minecraft:cooked_porkchop":3,"minecraft:oak_boat":1,"alexsmobs:animal_dictionary":4},"minecraft:broken":{"minecraft:stone_axe":1,"minecraft:wooden_axe":1},"minecraft:picked_up":{"minecraft:crafting_table":2,"born_in_chaos_v1:diamond_termite_shard":3,"minecraft:wheat":2,"minecraft:wooden_pickaxe":1,"minecraft:oak_stairs":3,"minecraft:stone_brick_wall":1,"tombstone:grave_key":1,"minecraft:string":23,"minecraft:experience_bottle":1,"minecraft:blackstone":3,"minecraft:gold_nugget":100,"minecraft:beef":27,"minecraft:calcite":3,"minecraft:furnace":1,"minecraft:egg":1,"iceandfire:dragonbone":9,"iceandfire:dragonscales_gray":16,"minecraft:torch":1,"minecraft:acacia_log":2,"sophisticatedbackpacks:backpack":1,"minecraft:porkchop":17,"minecraft:polished_blackstone_bricks":3,"minecraft:cherry_log":1,"minecraft:stone_button":14,"tombstone:grave_dust":1,"minecraft:diorite":7,"minecraft:rabbit_foot":1,"sophisticatedbackpacks:pickup_upgrade":1,"luminousworld:grassflowers":1,"minecraft:arrow":17,"minecraft:rotten_flesh":6,"iceandfire:fire_dragon_heart":1,"minecraft:saddle":1,"supplementaries:ash":44,"minecraft:mutton":4,"minecraft:cobblestone":45,"minecraft:white_wool":3,"minecraft:oxeye_daisy":6,"born_in_chaos_v1:corpse_maggot":3,"minecraft:lilac":2,"minecraft:basalt":1,"born_in_chaos_v1:monster_flesh":1,"minecraft:andesite":2,"luminousworld:ishstone":2,"minecraft:leather":7,"minecraft:filled_map":1,"minecraft:oak_log":30,"minecraft:dirt":10,"minecraft:lantern":6,"tombstone:gift":1,"born_in_chaos_v1:monster_skin":1,"minecraft:bone":9,"minecraft:stone_bricks":1,"minecraft:wheat_seeds":4,"minecraft:rabbit_hide":6,"luminousworld:elephant_grass":1,"minecraft:iron_ingot":1,"minecraft:cobweb":8,"tombstone:bag_of_seeds":1,"minecraft:rabbit":2,"iceandfire:fire_dragon_flesh":2,"iceandfire:chared_stone":9,"iceandfire:ash":15,"born_in_chaos_v1:ethereal_spirit":2,"earthmobsmod:harder_flesh":2,"minecraft:gravel":1,"iceandfire:dragon_skull_fire":1,"iceandfire:shiny_scales":1,"minecraft:white_bed":1,"minecraft:dark_oak_fence_gate":2,"iceandfire:chared_cobblestone":5,"minecraft:brick_slab":2,"luminousworld:yellowpetunias":1,"minecraft:granite":6,"minecraft:oak_sapling":1,"minecraft:coal":7}},"DataVersion":3465}