{"stats":{"minecraft:killed_by":{"minecraft:drowned":1},"minecraft:custom":{"minecraft:blood":0,"lootr:looted_stat":32,"minecraft:mob_kills":133,"minecraft:dexterity":11,"minecraft:intelligence":24,"minecraft:move_speed":0,"minecraft:interact_with_crafting_table":1,"minecraft:raid_trigger":1,"minecraft:damage_dealt_resisted":110,"minecraft:leave_game":5,"minecraft:time_since_death":545,"minecraft:sleep_in_bed":1,"minecraft:climb_one_cm":4393,"minecraft:damage_resisted":0,"minecraft:levels_gained":10,"minecraft:mana":140,"minecraft:time_since_rest":655,"minecraft:magic_shield":24,"minecraft:sprint_one_cm":218811,"minecraft:walk_one_cm":237366,"minecraft:damage_taken":1761,"minecraft:damage_absorbed":675,"minecraft:drop":62,"minecraft:damage_dealt":7940,"minecraft:health":279,"minecraft:swim_one_cm":15967,"minecraft:fly_one_cm":339467,"minecraft:deaths":1,"minecraft:crouch_one_cm":232,"minecraft:play_time":90597,"minecraft:sneak_time":224,"minecraft:walk_under_water_one_cm":6303,"minecraft:interact_with_brewingstand":1,"minecraft:jump":1998,"minecraft:energy":162,"minecraft:walk_on_water_one_cm":24494,"minecraft:strength":6,"minecraft:total_world_time":90597,"minecraft:fall_one_cm":54422},"minecraft:crafted":{"minecraft:oak_planks":5,"minecraft:crafting_table":1,"minecraft:spruce_planks":2,"minecraft:air":38,"minecraft:stick":1,"minecraft:wooden_axe":1,"minecraft:dark_oak_planks":1},"minecraft:mined":{"minecraft:dark_oak_log":5,"minecraft:crafting_table":1,"minecraft:sugar_cane":2,"minecraft:spruce_log":2,"minecraft:grass":1,"chococraft:gysahl_green":9,"minecraft:dirt_path":1,"minecraft:cobweb":8},"minecraft:used":{"minecraft:oak_planks":11,"minecraft:spruce_planks":2,"minecraft:crafting_table":1,"minecraft:dark_oak_planks":1,"minecraft:wooden_axe":5,"minecraft:bread":11,"mmorpg:weapon/staff/iron":136,"minecraft:cooked_porkchop":1,"chococraft:gysahl_green":1,"minecraft:egg":1},"minecraft:killed":{"minecraft:pig":1,"minecraft:witch":8,"aquaculture:red_grouper":1,"minecraft:spider":11,"mutantmonsters:mutant_skeleton":1,"minecraft:creeper":2,"minecraft:sheep":4,"minecraft:skeleton":9,"minecraft:pillager":61,"minecraft:zombie":20,"minecraft:chicken":1,"minecraft:drowned":2,"minecraft:enderman":1,"minecraft:cow":5},"minecraft:dropped":{"cte_essentials:leather_0_helmet":1,"cte_essentials:leather_0_boots":2,"minecraft:enchanted_book":4,"mmorpg:rare_mats/farming/lesser":1,"mmorpg:stat_soul":2,"minecraft:sugar_cane":6,"mmorpg:jewel/dex":2,"mmorpg:offhand/dodge/wood":1,"chococraft:loverly_gysahl_green":2,"minecraft:coarse_dirt":4,"minecraft:crossbow":4,"minecraft:golden_axe":1,"minecraft:rotten_flesh":3,"minecraft:iron_hoe":1,"chococraft:gysahl_green_seeds":6,"mmorpg:weapon/staff/wood":2,"minecraft:stick":2,"minecraft:poppy":1,"farmersdelight:flint_knife":7,"minecraft:trident":2,"minecraft:wooden_axe":1,"mmorpg:offhand/tome/wood":1,"mmorpg:gems/garnet/0":1,"minecraft:wooden_sword":3,"doggytalents:rice_grains":1,"minecraft:white_banner":7,"minecraft:arrow":1,"stalwart_dungeons:wooden_hammer":2,"minecraft:white_wool":1,"chococraft:gysahl_green":3,"cte_essentials:plate_1_boots":1,"mutantmonsters:mutant_skeleton_skull":1,"minecraft:egg":1,"cte_essentials:leather_0_leggings":1},"minecraft:picked_up":{"minecraft:coarse_dirt":4,"chococraft:loverly_gysahl_green":2,"minecraft:crafting_table":1,"mmorpg:gems/topaz/0":1,"illagerinvasion:platinum_chunk":23,"stalwart_dungeons:wooden_hammer":2,"minecraft:brown_wool":1,"minecraft:leather":6,"mmorpg:gems/azurite/0":1,"mmorpg:jewelry/ring/iron":1,"doggytalents:rice_grains":1,"minecraft:gunpowder":3,"cte_essentials:leather_5_boots":1,"minecraft:string":11,"mutantmonsters:mutant_skeleton_limb":7,"farmersdelight:flint_knife":7,"cte_essentials:cloth_0_leggings":1,"minecraft:dirt":1,"cte_essentials:plate_1_boots":1,"mutantmonsters:mutant_skeleton_skull":2,"minecraft:white_banner":7,"minecraft:wooden_sword":3,"minecraft:bone":3,"chococraft:gysahl_green":14,"minecraft:bow":1,"minecraft:iron_ingot":1,"minecraft:beef":8,"mmorpg:rare_mats/farming/lesser":1,"cte_essentials:cloth_0_helmet":1,"minecraft:glowstone_dust":2,"minecraft:poppy":1,"lightmanscurrency:coin_iron":31,"minecraft:sugar_cane":6,"minecraft:iron_sword":1,"minecraft:egg":2,"mmorpg:skill_gems/support/str":1,"minecraft:stick":5,"cte_essentials:leather_0_boots":2,"mmorpg:stat_soul":4,"minecraft:porkchop":1,"mmorpg:weapon/staff/wood":2,"mmorpg:jewelry/necklace/iron":1,"chococraft:gysahl_green_seeds":10,"minecraft:trident":4,"mmorpg:skill_gems/support/int":1,"minecraft:spruce_log":2,"mmorpg:weapon/staff/iron":1,"minecraft:dark_oak_log":5,"mutantmonsters:mutant_skeleton_pelvis":1,"mmorpg:jewel/int":1,"mmorpg:offhand/dodge/wood":1,"lightmanscurrency:coin_copper":46,"mmorpg:gems/garnet/0":1,"minecraft:arrow":1,"minecraft:rotten_flesh":10,"mmorpg:currency/affix_common_reroll":1,"minecraft:crossbow":5,"mutantmonsters:mutant_skeleton_rib":5,"minecraft:emerald":29,"mutantmonsters:mutant_skeleton_shoulder_pad":2,"minecraft:black_wool":1,"minecraft:chorus_fruit":1,"minecraft:mutton":5,"minecraft:blaze_powder":2,"minecraft:white_wool":2}},"DataVersion":3465}