{"stats":{"minecraft:killed_by":{"minecraft:drowned":1},"minecraft:custom":{"minecraft:blood":0,"lootr:looted_stat":32,"minecraft:mob_kills":134,"minecraft:dexterity":11,"minecraft:interact_with_crafting_table":7,"minecraft:damage_dealt_resisted":110,"minecraft:leave_game":5,"minecraft:time_since_death":12545,"minecraft:climb_one_cm":4393,"minecraft:damage_resisted":0,"minecraft:mana":140,"minecraft:magic_shield":24,"minecraft:sprint_one_cm":243021,"minecraft:walk_one_cm":255187,"minecraft:drop":66,"minecraft:health":279,"minecraft:play_time":102597,"minecraft:deaths":1,"minecraft:sneak_time":256,"minecraft:walk_under_water_one_cm":6303,"minecraft:jump":2238,"minecraft:interact_with_brewingstand":1,"minecraft:energy":162,"minecraft:walk_on_water_one_cm":26033,"minecraft:total_world_time":102597,"minecraft:intelligence":25,"minecraft:move_speed":0,"minecraft:raid_trigger":1,"minecraft:sleep_in_bed":1,"minecraft:levels_gained":10,"minecraft:time_since_rest":12655,"minecraft:damage_taken":1767,"minecraft:damage_absorbed":675,"minecraft:damage_dealt":7965,"minecraft:swim_one_cm":15967,"minecraft:fly_one_cm":391083,"minecraft:crouch_one_cm":232,"minecraft:strength":6,"minecraft:fall_one_cm":61615},"minecraft:crafted":{"minecraft:oak_planks":5,"minecraft:dark_oak_planks":1,"minecraft:crafting_table":2,"minecraft:spruce_planks":2,"minecraft:bucket":2,"minecraft:air":41,"minecraft:stick":5,"minecraft:wooden_axe":1,"chococraft:chocobo_saddle":1},"minecraft:mined":{"minecraft:dark_oak_log":5,"minecraft:fire":1,"chococraft:gysahl_green":9,"minecraft:dirt_path":1,"minecraft:crafting_table":3,"minecraft:cobblestone":6,"minecraft:sugar_cane":2,"minecraft:spruce_log":3,"minecraft:grass":1,"minecraft:cobweb":8},"minecraft:killed":{"minecraft:witch":8,"aquaculture:red_grouper":1,"minecraft:spider":11,"minecraft:skeleton":9,"minecraft:chicken":1,"minecraft:drowned":2,"minecraft:pig":1,"mutantmonsters:mutant_skeleton":1,"minecraft:creeper":2,"minecraft:sheep":4,"minecraft:pillager":61,"minecraft:zombie":20,"minecraft:enderman":1,"minecraft:cow":5,"chococraft:chocobo":1},"minecraft:used":{"minecraft:flint_and_steel":2,"minecraft:spruce_planks":2,"minecraft:wooden_axe":5,"minecraft:dark_oak_planks":1,"minecraft:lava_bucket":10,"minecraft:egg":1,"minecraft:water_bucket":11,"minecraft:oak_planks":14,"minecraft:crafting_table":4,"minecraft:bread":11,"minecraft:iron_pickaxe":6,"mmorpg:weapon/staff/iron":137,"minecraft:cobblestone":10,"minecraft:cooked_porkchop":2,"minecraft:bucket":22,"chococraft:gysahl_green":1},"minecraft:dropped":{"minecraft:enchanted_book":4,"cte_essentials:leather_0_boots":2,"mmorpg:stat_soul":2,"mmorpg:jewel/dex":2,"chococraft:loverly_gysahl_green":2,"minecraft:crossbow":4,"minecraft:golden_axe":1,"chococraft:gysahl_green_seeds":6,"mmorpg:weapon/staff/wood":3,"minecraft:stick":6,"minecraft:wooden_axe":1,"minecraft:wooden_sword":3,"minecraft:white_banner":7,"minecraft:white_wool":1,"cte_essentials:leather_0_helmet":1,"mmorpg:rare_mats/farming/lesser":1,"mmorpg:offhand/dodge/wood":1,"minecraft:sugar_cane":6,"minecraft:coarse_dirt":4,"minecraft:rotten_flesh":3,"minecraft:iron_hoe":1,"minecraft:poppy":1,"farmersdelight:flint_knife":7,"minecraft:trident":2,"mmorpg:offhand/tome/wood":1,"mmorpg:gems/garnet/0":1,"doggytalents:rice_grains":1,"minecraft:spruce_log":1,"minecraft:arrow":1,"minecraft:bow":1,"stalwart_dungeons:wooden_hammer":2,"chococraft:gysahl_green":3,"mutantmonsters:mutant_skeleton_skull":1,"cte_essentials:plate_1_boots":1,"minecraft:egg":1,"cte_essentials:leather_0_leggings":1},"minecraft:picked_up":{"minecraft:crafting_table":2,"chococraft:loverly_gysahl_green":2,"minecraft:coarse_dirt":4,"mmorpg:gems/topaz/0":1,"illagerinvasion:platinum_chunk":23,"mmorpg:jewelry/ring/iron":1,"cte_essentials:leather_5_boots":1,"cte_essentials:cloth_0_leggings":1,"minecraft:string":11,"mutantmonsters:mutant_skeleton_skull":2,"minecraft:wooden_sword":3,"minecraft:beef":8,"cte_essentials:cloth_0_helmet":1,"minecraft:poppy":1,"minecraft:sugar_cane":6,"minecraft:egg":2,"minecraft:stick":5,"minecraft:porkchop":1,"mmorpg:jewelry/necklace/iron":1,"minecraft:trident":4,"mmorpg:skill_gems/support/int":1,"mutantmonsters:mutant_skeleton_pelvis":1,"minecraft:rotten_flesh":10,"minecraft:arrow":1,"mmorpg:currency/affix_common_reroll":1,"mutantmonsters:mutant_skeleton_rib":5,"mutantmonsters:mutant_skeleton_shoulder_pad":2,"minecraft:mutton":5,"minecraft:white_wool":2,"minecraft:blaze_powder":2,"minecraft:cobblestone":6,"stalwart_dungeons:wooden_hammer":2,"minecraft:water_bucket":1,"minecraft:leather":6,"minecraft:brown_wool":1,"mmorpg:gems/azurite/0":1,"doggytalents:rice_grains":1,"minecraft:gunpowder":3,"farmersdelight:flint_knife":7,"mutantmonsters:mutant_skeleton_limb":7,"minecraft:dirt":1,"cte_essentials:plate_1_boots":1,"minecraft:white_banner":7,"chococraft:chocobo_feather":1,"minecraft:bone":5,"chococraft:gysahl_green":14,"minecraft:bow":1,"minecraft:iron_ingot":1,"mmorpg:rare_mats/farming/lesser":1,"minecraft:glowstone_dust":2,"lightmanscurrency:coin_iron":31,"minecraft:iron_sword":1,"mmorpg:skill_gems/support/str":1,"cte_essentials:leather_0_boots":2,"mmorpg:stat_soul":4,"chococraft:gysahl_green_seeds":10,"mmorpg:weapon/staff/wood":2,"minecraft:spruce_log":3,"minecraft:dark_oak_log":5,"mmorpg:weapon/staff/iron":1,"mmorpg:jewel/int":1,"lightmanscurrency:coin_copper":46,"mmorpg:offhand/dodge/wood":1,"mmorpg:gems/garnet/0":1,"minecraft:crossbow":5,"minecraft:emerald":29,"minecraft:chorus_fruit":1,"minecraft:black_wool":1}},"DataVersion":3465}