{"stats":{"minecraft:custom":{"minecraft:time_since_rest":30597,"minecraft:blood":0,"minecraft:magic_shield":22,"lootr:looted_stat":2,"minecraft:sprint_one_cm":63204,"minecraft:damage_absorbed":265,"minecraft:damage_taken":154,"minecraft:walk_one_cm":75502,"minecraft:mob_kills":49,"minecraft:drop":8,"minecraft:dexterity":0,"minecraft:intelligence":4,"minecraft:damage_dealt":3474,"minecraft:health":185,"minecraft:move_speed":0,"minecraft:interact_with_crafting_table":1,"minecraft:fly_one_cm":80162,"minecraft:crouch_one_cm":68,"minecraft:play_time":30597,"minecraft:raid_trigger":1,"minecraft:sneak_time":18,"minecraft:jump":497,"minecraft:energy":100,"minecraft:leave_game":5,"minecraft:time_since_death":30597,"minecraft:walk_on_water_one_cm":291,"minecraft:strength":1,"minecraft:damage_resisted":0,"minecraft:total_world_time":30597,"minecraft:fall_one_cm":11890,"minecraft:levels_gained":6,"minecraft:mana":100},"minecraft:crafted":{"minecraft:crafting_table":1,"minecraft:spruce_planks":2,"minecraft:stick":1,"minecraft:wooden_axe":1,"minecraft:dark_oak_planks":1,"minecraft:air":18},"minecraft:mined":{"minecraft:spruce_log":2,"minecraft:dark_oak_log":5,"minecraft:crafting_table":1,"minecraft:grass":1,"minecraft:dirt_path":1},"minecraft:dropped":{"minecraft:crossbow":2,"mmorpg:gems/garnet/0":1,"doggytalents:rice_grains":1,"minecraft:white_banner":2,"minecraft:white_wool":1,"minecraft:poppy":1},"minecraft:killed":{"minecraft:sheep":2,"minecraft:skeleton":3,"minecraft:pillager":24,"minecraft:zombie":6,"minecraft:chicken":1,"minecraft:spider":5,"minecraft:creeper":2,"minecraft:enderman":1,"minecraft:cow":5},"minecraft:used":{"minecraft:wooden_axe":5,"minecraft:bread":3,"mmorpg:weapon/staff/iron":44,"minecraft:crafting_table":1},"minecraft:picked_up":{"mmorpg:gems/topaz/0":1,"minecraft:crafting_table":1,"illagerinvasion:platinum_chunk":6,"stalwart_dungeons:wooden_hammer":1,"minecraft:leather":6,"minecraft:brown_wool":1,"mmorpg:gems/azurite/0":1,"doggytalents:rice_grains":1,"mmorpg:stat_soul":2,"minecraft:spruce_log":2,"minecraft:dark_oak_log":5,"farmersdelight:flint_knife":1,"mmorpg:weapon/staff/iron":1,"cte_essentials:cloth_0_leggings":1,"minecraft:dirt":1,"minecraft:white_banner":2,"minecraft:wooden_sword":1,"lightmanscurrency:coin_copper":21,"mmorpg:gems/garnet/0":1,"minecraft:rotten_flesh":2,"mmorpg:currency/affix_common_reroll":1,"minecraft:crossbow":3,"minecraft:beef":8,"minecraft:emerald":9,"minecraft:poppy":1,"minecraft:chorus_fruit":1,"lightmanscurrency:coin_iron":12,"minecraft:iron_sword":1,"minecraft:mutton":3,"minecraft:white_wool":1}},"DataVersion":3465}