{"stats":{"minecraft:custom":{"minecraft:blood":0,"lootr:looted_stat":9,"minecraft:mob_kills":94,"minecraft:dexterity":11,"minecraft:intelligence":22,"minecraft:move_speed":0,"minecraft:interact_with_crafting_table":1,"minecraft:raid_trigger":1,"minecraft:leave_game":5,"minecraft:time_since_death":54597,"minecraft:damage_resisted":0,"minecraft:levels_gained":8,"minecraft:mana":127,"minecraft:time_since_rest":54597,"minecraft:magic_shield":37,"minecraft:sprint_one_cm":124889,"minecraft:walk_one_cm":149439,"minecraft:damage_taken":442,"minecraft:damage_absorbed":468,"minecraft:drop":19,"minecraft:damage_dealt":6500,"minecraft:health":245,"minecraft:swim_one_cm":9276,"minecraft:fly_one_cm":167927,"minecraft:crouch_one_cm":117,"minecraft:play_time":54597,"minecraft:sneak_time":63,"minecraft:walk_under_water_one_cm":1316,"minecraft:jump":1071,"minecraft:energy":142,"minecraft:walk_on_water_one_cm":8140,"minecraft:strength":6,"minecraft:total_world_time":54597,"minecraft:fall_one_cm":27254},"minecraft:crafted":{"minecraft:crafting_table":1,"minecraft:spruce_planks":2,"minecraft:air":18,"minecraft:stick":1,"minecraft:wooden_axe":1,"minecraft:dark_oak_planks":1},"minecraft:mined":{"minecraft:dark_oak_log":5,"minecraft:crafting_table":1,"minecraft:sugar_cane":2,"minecraft:spruce_log":2,"minecraft:grass":1,"minecraft:dirt_path":1},"minecraft:used":{"minecraft:spruce_planks":2,"minecraft:crafting_table":1,"minecraft:dark_oak_planks":1,"minecraft:wooden_axe":5,"minecraft:bread":6,"mmorpg:weapon/staff/iron":96},"minecraft:killed":{"aquaculture:red_grouper":1,"minecraft:spider":5,"minecraft:creeper":2,"minecraft:sheep":4,"minecraft:skeleton":3,"minecraft:pillager":61,"minecraft:zombie":6,"minecraft:chicken":1,"minecraft:enderman":1,"minecraft:cow":5},"minecraft:dropped":{"mmorpg:offhand/dodge/wood":1,"minecraft:crossbow":2,"minecraft:poppy":1,"farmersdelight:flint_knife":2,"mmorpg:gems/garnet/0":1,"minecraft:wooden_sword":2,"doggytalents:rice_grains":1,"minecraft:white_banner":7,"stalwart_dungeons:wooden_hammer":2,"minecraft:white_wool":1,"cte_essentials:leather_0_leggings":1},"minecraft:picked_up":{"minecraft:crafting_table":1,"mmorpg:gems/topaz/0":1,"illagerinvasion:platinum_chunk":23,"stalwart_dungeons:wooden_hammer":2,"minecraft:brown_wool":1,"minecraft:leather":6,"mmorpg:gems/azurite/0":1,"mmorpg:jewelry/ring/iron":1,"doggytalents:rice_grains":1,"farmersdelight:flint_knife":3,"cte_essentials:cloth_0_leggings":1,"minecraft:dirt":1,"cte_essentials:plate_1_boots":1,"minecraft:white_banner":7,"minecraft:wooden_sword":3,"minecraft:bow":1,"minecraft:beef":8,"cte_essentials:cloth_0_helmet":1,"minecraft:poppy":1,"lightmanscurrency:coin_iron":12,"minecraft:sugar_cane":6,"minecraft:iron_sword":1,"mmorpg:stat_soul":3,"mmorpg:jewelry/necklace/iron":1,"minecraft:trident":2,"mmorpg:skill_gems/support/int":1,"minecraft:spruce_log":2,"mmorpg:weapon/staff/iron":1,"minecraft:dark_oak_log":5,"mmorpg:offhand/dodge/wood":1,"lightmanscurrency:coin_copper":21,"mmorpg:gems/garnet/0":1,"minecraft:rotten_flesh":2,"mmorpg:currency/affix_common_reroll":1,"minecraft:crossbow":4,"minecraft:emerald":29,"minecraft:black_wool":1,"minecraft:chorus_fruit":1,"minecraft:mutton":5,"minecraft:white_wool":2}},"DataVersion":3465}