{"stats":{"minecraft:killed_by":{"minecraft:zombie":1,"minecraft:enderman":1,"enemyexpansion:huntsman":1,"iceandfire:fire_dragon":7},"minecraft:mined":{"minecraft:crafting_table":2,"minecraft:granite":6,"minecraft:grass_block":3,"luminousworld:grassvariant_2":1,"minecraft:tall_grass":3,"minecraft:diorite":7,"minecraft:furnace":1,"minecraft:fire":12,"minecraft:lilac":5,"minecraft:andesite":2,"iceandfire:ash":2,"minecraft:dark_oak_stairs":1,"minecraft:grass":4,"minecraft:oak_log":8,"minecraft:dirt":7,"minecraft:stone":32,"minecraft:oak_leaves":1},"minecraft:killed":{"minecraft:pig":7,"earthmobsmod:jumbo_rabbit":1,"born_in_chaos_v1:restless_spirit":1,"born_in_chaos_v1:zombie_lumberjack":1,"enemyexpansion:direwolf":1,"born_in_chaos_v1:maggot":2,"luminousworld:crab":1,"minecraft:sheep":4,"minecraft:zombie":1,"iceandfire:fire_dragon":1,"enemyexpansion:huntsman":1,"minecraft:cow":7},"minecraft:dropped":{"minecraft:oak_log":2,"born_in_chaos_v1:ethereal_spirit":2,"minecraft:experience_bottle":1,"minecraft:lantern":4,"minecraft:leather":4,"minecraft:dark_oak_fence_gate":1,"supplementaries:ash":38,"luminousworld:grassflowers":1,"minecraft:stone_button":5,"tombstone:grave_key":1,"minecraft:wooden_axe":1,"born_in_chaos_v1:corpse_maggot":1,"minecraft:stone_brick_wall":1,"minecraft:oak_stairs":1,"minecraft:gold_nugget":20,"iceandfire:ash":12,"minecraft:wooden_pickaxe":2},"minecraft:custom":{"minecraft:interact_with_furnace":5,"minecraft:mob_kills":28,"minecraft:interact_with_crafting_table":9,"minecraft:leave_game":4,"minecraft:time_since_death":1040,"minecraft:time_since_rest":1004,"minecraft:damage_taken":2915,"minecraft:sprint_one_cm":121359,"minecraft:walk_one_cm":120431,"minecraft:drop":43,"minecraft:damage_dealt":5857,"minecraft:swim_one_cm":7754,"minecraft:fly_one_cm":233300,"minecraft:open_chest":7,"minecraft:play_time":39353,"minecraft:crouch_one_cm":2115,"tombstone:undead_killed":3,"minecraft:deaths":10,"minecraft:sneak_time":723,"minecraft:walk_under_water_one_cm":4831,"minecraft:jump":1104,"minecraft:walk_on_water_one_cm":6824,"minecraft:total_world_time":39353,"minecraft:fall_one_cm":24401},"minecraft:crafted":{"minecraft:cooked_beef":3,"minecraft:oak_planks":32,"sophisticatedbackpacks:backpack":1,"minecraft:crafting_table":1,"minecraft:wooden_pickaxe":1,"minecraft:furnace":1,"minecraft:stone_axe":1,"minecraft:air":0,"minecraft:string":4,"minecraft:leather":1,"minecraft:stick":12,"quark:oak_chest":1,"minecraft:stone_pickaxe":1,"minecraft:wooden_axe":2},"minecraft:used":{"minecraft:stone_pickaxe":43,"minecraft:oak_planks":4,"minecraft:wooden_pickaxe":14,"minecraft:dirt":10,"minecraft:mutton":4,"minecraft:crafting_table":3,"minecraft:wooden_axe":60,"minecraft:bread":1,"iceandfire:ash":1,"minecraft:stone_axe":76,"minecraft:cobblestone":6,"minecraft:furnace":1,"minecraft:porkchop":8,"tombstone:gift":2,"alexsmobs:animal_dictionary":1,"minecraft:egg":1,"minecraft:cooked_beef":3},"minecraft:broken":{"minecraft:stone_axe":1,"minecraft:wooden_axe":1},"minecraft:picked_up":{"born_in_chaos_v1:corpse_maggot":1,"minecraft:crafting_table":2,"minecraft:wheat":1,"minecraft:lilac":2,"minecraft:andesite":2,"minecraft:leather":7,"minecraft:wooden_pickaxe":1,"minecraft:oak_stairs":2,"minecraft:stone_brick_wall":1,"minecraft:oak_log":11,"tombstone:grave_key":1,"minecraft:dirt":10,"minecraft:lantern":5,"minecraft:bone":2,"minecraft:experience_bottle":1,"minecraft:wheat_seeds":2,"minecraft:gold_nugget":70,"minecraft:rabbit_hide":6,"minecraft:iron_ingot":1,"minecraft:beef":27,"minecraft:rabbit":1,"iceandfire:fire_dragon_flesh":2,"minecraft:furnace":1,"minecraft:egg":1,"iceandfire:dragonbone":9,"iceandfire:dragonscales_gray":16,"iceandfire:ash":15,"born_in_chaos_v1:ethereal_spirit":2,"iceandfire:dragon_skull_fire":1,"minecraft:porkchop":17,"minecraft:stone_button":9,"minecraft:cherry_log":1,"minecraft:diorite":7,"minecraft:dark_oak_fence_gate":1,"minecraft:rabbit_foot":1,"minecraft:brick_slab":1,"luminousworld:grassflowers":1,"minecraft:arrow":1,"minecraft:rotten_flesh":4,"iceandfire:fire_dragon_heart":1,"minecraft:granite":6,"supplementaries:ash":41,"minecraft:oak_sapling":1,"minecraft:mutton":4,"minecraft:white_wool":3,"minecraft:cobblestone":32,"minecraft:oxeye_daisy":3}},"DataVersion":3465}