{"stats":{"minecraft:custom":{"minecraft:blood":0,"lootr:looted_stat":2,"minecraft:mob_kills":84,"minecraft:dexterity":6,"minecraft:intelligence":6,"minecraft:move_speed":0,"minecraft:interact_with_crafting_table":1,"minecraft:raid_trigger":1,"minecraft:leave_game":5,"minecraft:time_since_death":42597,"minecraft:damage_resisted":0,"minecraft:levels_gained":8,"minecraft:mana":127,"minecraft:time_since_rest":42597,"minecraft:magic_shield":35,"minecraft:sprint_one_cm":106549,"minecraft:walk_one_cm":125615,"minecraft:damage_taken":412,"minecraft:damage_absorbed":399,"minecraft:drop":16,"minecraft:damage_dealt":6172,"minecraft:health":217,"minecraft:fly_one_cm":134984,"minecraft:crouch_one_cm":109,"minecraft:play_time":42597,"minecraft:sneak_time":37,"minecraft:jump":891,"minecraft:energy":120,"minecraft:walk_on_water_one_cm":630,"minecraft:strength":1,"minecraft:total_world_time":42597,"minecraft:fall_one_cm":23643},"minecraft:crafted":{"minecraft:crafting_table":1,"minecraft:spruce_planks":2,"minecraft:air":18,"minecraft:stick":1,"minecraft:wooden_axe":1,"minecraft:dark_oak_planks":1},"minecraft:mined":{"minecraft:dark_oak_log":5,"minecraft:crafting_table":1,"minecraft:spruce_log":2,"minecraft:grass":1,"minecraft:dirt_path":1},"minecraft:killed":{"minecraft:spider":5,"minecraft:creeper":2,"minecraft:sheep":2,"minecraft:skeleton":3,"minecraft:pillager":56,"minecraft:zombie":6,"minecraft:chicken":1,"minecraft:enderman":1,"minecraft:cow":5},"minecraft:used":{"minecraft:spruce_planks":2,"minecraft:crafting_table":1,"minecraft:dark_oak_planks":1,"minecraft:wooden_axe":5,"minecraft:bread":6,"mmorpg:weapon/staff/iron":90},"minecraft:dropped":{"mmorpg:offhand/dodge/wood":1,"minecraft:crossbow":2,"minecraft:poppy":1,"farmersdelight:flint_knife":2,"mmorpg:gems/garnet/0":1,"minecraft:wooden_sword":2,"doggytalents:rice_grains":1,"minecraft:white_banner":3,"stalwart_dungeons:wooden_hammer":2,"minecraft:white_wool":1},"minecraft:picked_up":{"minecraft:crafting_table":1,"mmorpg:gems/topaz/0":1,"illagerinvasion:platinum_chunk":20,"stalwart_dungeons:wooden_hammer":2,"minecraft:brown_wool":1,"minecraft:leather":6,"mmorpg:gems/azurite/0":1,"doggytalents:rice_grains":1,"farmersdelight:flint_knife":3,"cte_essentials:cloth_0_leggings":1,"minecraft:dirt":1,"minecraft:white_banner":6,"minecraft:wooden_sword":3,"minecraft:beef":8,"cte_essentials:cloth_0_helmet":1,"minecraft:poppy":1,"lightmanscurrency:coin_iron":12,"minecraft:iron_sword":1,"mmorpg:stat_soul":3,"mmorpg:jewelry/necklace/iron":1,"minecraft:spruce_log":2,"mmorpg:weapon/staff/iron":1,"minecraft:dark_oak_log":5,"mmorpg:offhand/dodge/wood":1,"lightmanscurrency:coin_copper":21,"mmorpg:gems/garnet/0":1,"minecraft:rotten_flesh":2,"mmorpg:currency/affix_common_reroll":1,"minecraft:crossbow":4,"minecraft:emerald":24,"minecraft:chorus_fruit":1,"minecraft:mutton":3,"minecraft:white_wool":1}},"DataVersion":3465}