{"stats":{"minecraft:killed_by":{"minecraft:wither_skeleton":1,"minecraft:drowned":1,"minecraft:skeleton":1},"minecraft:custom":{"minecraft:blood":0,"lootr:looted_stat":33,"minecraft:mob_kills":180,"minecraft:dexterity":11,"minecraft:interact_with_crafting_table":7,"minecraft:damage_dealt_resisted":110,"minecraft:leave_game":6,"minecraft:time_since_death":13329,"minecraft:climb_one_cm":4393,"minecraft:damage_resisted":0,"minecraft:mana":150,"minecraft:magic_shield":0,"minecraft:sprint_one_cm":309453,"minecraft:walk_one_cm":326770,"minecraft:drop":73,"minecraft:health":295,"minecraft:talked_to_villager":1,"minecraft:play_time":126377,"minecraft:deaths":3,"minecraft:sneak_time":286,"minecraft:walk_under_water_one_cm":8119,"minecraft:jump":2891,"minecraft:interact_with_brewingstand":1,"minecraft:energy":172,"minecraft:walk_on_water_one_cm":30452,"minecraft:total_world_time":126377,"minecraft:intelligence":25,"minecraft:move_speed":0,"minecraft:raid_trigger":1,"minecraft:sleep_in_bed":1,"minecraft:levels_gained":11,"minecraft:time_since_rest":13370,"minecraft:damage_taken":3183,"minecraft:damage_absorbed":697,"minecraft:damage_dealt":8978,"minecraft:swim_one_cm":20778,"minecraft:fly_one_cm":502547,"minecraft:crouch_one_cm":235,"minecraft:strength":6,"minecraft:fall_one_cm":79119},"minecraft:crafted":{"minecraft:oak_planks":5,"minecraft:dark_oak_planks":1,"minecraft:crafting_table":2,"minecraft:spruce_planks":2,"minecraft:bucket":2,"minecraft:air":41,"minecraft:stick":5,"minecraft:wooden_axe":1,"chococraft:chocobo_saddle":1},"minecraft:mined":{"minecraft:dark_oak_log":5,"minecraft:fire":1,"chococraft:gysahl_green":9,"minecraft:dirt_path":1,"minecraft:crafting_table":3,"minecraft:cobblestone":6,"minecraft:sugar_cane":2,"minecraft:spruce_log":3,"minecraft:grass":1,"minecraft:cobweb":8},"minecraft:killed":{"minecraft:witch":8,"aquaculture:red_grouper":1,"minecraft:spider":13,"minecraft:skeleton":13,"minecraft:chicken":1,"minecraft:drowned":3,"minecraft:piglin":1,"minecraft:pig":1,"minecraft:zombie_villager":2,"riskofrain_mobs:lemurian_entity":2,"mutantmonsters:mutant_skeleton":1,"minecraft:creeper":6,"minecraft:sheep":4,"minecraft:pillager":61,"minecraft:zombie":43,"minecraft:wither_skeleton":3,"minecraft:enderman":2,"minecraft:cow":5,"chococraft:chocobo":1},"minecraft:used":{"minecraft:flint_and_steel":2,"minecraft:spruce_planks":2,"minecraft:dark_oak_planks":1,"minecraft:wooden_axe":5,"minecraft:lava_bucket":10,"minecraft:egg":1,"minecraft:water_bucket":11,"minecraft:oak_planks":14,"minecraft:crafting_table":4,"minecraft:crossbow":1,"minecraft:bread":14,"minecraft:iron_pickaxe":6,"mmorpg:weapon/staff/iron":170,"minecraft:cobblestone":16,"minecraft:potion":1,"minecraft:cooked_porkchop":2,"minecraft:bucket":22,"chococraft:gysahl_green":1},"minecraft:dropped":{"minecraft:enchanted_book":4,"cte_essentials:leather_0_boots":2,"mmorpg:stat_soul":2,"mmorpg:jewel/dex":2,"chococraft:loverly_gysahl_green":2,"minecraft:crossbow":5,"minecraft:golden_axe":1,"chococraft:gysahl_green_seeds":10,"mmorpg:weapon/staff/wood":4,"minecraft:stick":6,"minecraft:wooden_axe":1,"minecraft:wooden_sword":3,"minecraft:white_banner":7,"minecraft:white_wool":1,"cte_essentials:leather_1_helmet":1,"cte_essentials:leather_0_helmet":1,"mmorpg:rare_mats/farming/lesser":1,"mmorpg:offhand/dodge/wood":1,"minecraft:sugar_cane":6,"minecraft:coarse_dirt":4,"minecraft:rotten_flesh":5,"minecraft:iron_hoe":1,"minecraft:glowstone_dust":2,"minecraft:poppy":1,"farmersdelight:flint_knife":7,"minecraft:trident":2,"mmorpg:offhand/tome/wood":1,"mmorpg:gems/garnet/0":1,"doggytalents:rice_grains":1,"minecraft:spruce_log":1,"minecraft:arrow":2,"minecraft:bow":1,"stalwart_dungeons:wooden_hammer":2,"chococraft:gysahl_green":3,"mutantmonsters:mutant_skeleton_skull":1,"cte_essentials:plate_1_boots":1,"minecraft:egg":1,"cte_essentials:leather_0_leggings":1},"minecraft:picked_up":{"minecraft:wooden_axe":1,"minecraft:crafting_table":2,"chococraft:loverly_gysahl_green":2,"minecraft:coarse_dirt":4,"mmorpg:gems/topaz/0":1,"illagerinvasion:platinum_chunk":23,"mmorpg:jewelry/ring/iron":1,"cte_essentials:leather_5_boots":1,"cte_essentials:cloth_0_leggings":1,"minecraft:string":12,"mutantmonsters:mutant_skeleton_skull":2,"minecraft:wooden_sword":3,"minecraft:beef":8,"cte_essentials:cloth_0_helmet":1,"minecraft:poppy":1,"minecraft:sugar_cane":6,"minecraft:egg":2,"minecraft:stick":5,"minecraft:porkchop":1,"mmorpg:jewelry/necklace/iron":1,"minecraft:trident":4,"mmorpg:skill_gems/support/int":2,"mutantmonsters:mutant_skeleton_pelvis":1,"minecraft:arrow":2,"minecraft:rotten_flesh":19,"mmorpg:currency/affix_common_reroll":1,"mutantmonsters:mutant_skeleton_rib":5,"mutantmonsters:mutant_skeleton_shoulder_pad":2,"minecraft:mutton":5,"minecraft:blaze_powder":2,"minecraft:white_wool":2,"minecraft:cobblestone":6,"stalwart_dungeons:wooden_hammer":2,"minecraft:water_bucket":1,"cte_essentials:leather_1_helmet":1,"minecraft:brown_wool":1,"minecraft:leather":6,"mmorpg:gems/azurite/0":1,"doggytalents:rice_grains":1,"minecraft:gunpowder":3,"farmersdelight:flint_knife":7,"mutantmonsters:mutant_skeleton_limb":7,"minecraft:dirt":1,"cte_essentials:plate_1_boots":1,"minecraft:white_banner":7,"chococraft:chocobo_feather":1,"minecraft:bone":10,"chococraft:gysahl_green":14,"minecraft:bow":1,"minecraft:iron_ingot":1,"mmorpg:rare_mats/farming/lesser":1,"minecraft:glowstone_dust":2,"lightmanscurrency:coin_iron":45,"minecraft:iron_sword":1,"mmorpg:skill_gems/support/str":1,"cte_essentials:leather_0_boots":2,"mmorpg:stat_soul":5,"chococraft:gysahl_green_seeds":10,"minecraft:spruce_log":3,"mmorpg:weapon/staff/wood":3,"mmorpg:weapon/staff/iron":1,"minecraft:dark_oak_log":5,"mmorpg:jewel/int":1,"lightmanscurrency:coin_copper":103,"mmorpg:offhand/dodge/wood":1,"mmorpg:gems/garnet/0":1,"minecraft:crossbow":6,"minecraft:emerald":29,"minecraft:chorus_fruit":1,"minecraft:black_wool":1,"minecraft:coal":1},"minecraft:broken":{"cte_essentials:cloth_0_leggings":1,"cte_essentials:cloth_0_helmet":1}},"DataVersion":3465}