{"stats":{"minecraft:used":{"minecraft:wooden_axe":6,"securitycraft:camera_monitor":1,"minecraft:wooden_pickaxe":34,"securitycraft:security_camera":1,"minecraft:torch":3,"minecraft:potion":6,"minecraft:crafting_table":1},"minecraft:custom":{"minecraft:time_since_rest":980,"lootr:looted_stat":8,"minecraft:sprint_one_cm":42736,"minecraft:interact_with_furnace":2,"minecraft:damage_taken":795,"minecraft:walk_one_cm":90032,"minecraft:mob_kills":1,"minecraft:fridge_opened":1,"minecraft:drop":9,"minecraft:damage_dealt":189,"minecraft:interact_with_crafting_table":1,"minecraft:fly_one_cm":69401,"minecraft:crouch_one_cm":72,"minecraft:deaths":2,"minecraft:play_time":28124,"minecraft:sneak_time":91,"minecraft:jump":329,"minecraft:interact_with_brewingstand":1,"minecraft:leave_game":2,"minecraft:time_since_death":0,"minecraft:total_world_time":28124,"minecraft:climb_one_cm":7010,"minecraft:fall_one_cm":7222},"minecraft:picked_up":{"minecraft:birch_log":13,"minecraft:stick":11,"minecraft:crafting_table":1,"farmersdelight:stuffed_pumpkin_block":1,"securitycraft:camera_monitor":1,"minecraft:oak_log":30,"farmersdelight:roast_chicken_block":2,"cfm:oak_hedge":2,"minecraft:quartz_block":2,"minecraft:bone":2,"minecraft:rotten_flesh":2,"quark:oak_hedge":1,"securitycraft:security_camera":2,"minecraft:glass_bottle":3,"quark:gray_shard":19,"minecraft:oak_sapling":7},"minecraft:dropped":{"quark:oak_hedge":1,"securitycraft:security_camera":1,"securitycraft:camera_monitor":1,"farmersdelight:roast_chicken_block":3,"ftbquests:book":1,"farmersdelight:stuffed_pumpkin_block":2},"minecraft:killed_by":{"zombiemobs:zombie_panda":1,"zombie_extreme:runner":1},"minecraft:killed":{"minecraft:zombie":1},"minecraft:mined":{"minecraft:quartz_block":4,"minecraft:birch_log":6,"cfm:oak_hedge":2,"minecraft:birch_leaves":2,"minecraft:gray_stained_glass_pane":2,"minecraft:crafting_table":1,"embellishcraft:smooth_marble":1,"quark:oak_hedge":1,"minecraft:gray_stained_glass":7,"minecraft:spawner":11},"minecraft:crafted":{"minecraft:wooden_axe":1,"minecraft:air":29}},"DataVersion":2975}