{"stats":{"minecraft:killed_by":{"minecraft:wither_skeleton":1,"minecraft:drowned":1,"minecraft:skeleton":1,"minecraft:illusioner":1},"minecraft:custom":{"minecraft:blood":0,"lootr:looted_stat":44,"minecraft:mob_kills":228,"minecraft:dexterity":11,"minecraft:interact_with_crafting_table":15,"minecraft:damage_dealt_resisted":144,"minecraft:leave_game":6,"minecraft:time_since_death":44067,"minecraft:climb_one_cm":4733,"minecraft:damage_resisted":0,"minecraft:mana":160,"minecraft:magic_shield":0,"minecraft:sprint_one_cm":391334,"minecraft:walk_one_cm":436127,"minecraft:drop":107,"minecraft:health":322,"minecraft:talked_to_villager":1,"minecraft:play_time":174377,"minecraft:deaths":4,"minecraft:sneak_time":672,"minecraft:walk_under_water_one_cm":8265,"minecraft:jump":3511,"minecraft:interact_with_brewingstand":2,"minecraft:energy":182,"minecraft:walk_on_water_one_cm":34024,"minecraft:total_world_time":174377,"minecraft:interact_with_furnace":5,"minecraft:intelligence":26,"minecraft:move_speed":0,"minecraft:raid_trigger":1,"minecraft:sleep_in_bed":1,"minecraft:levels_gained":12,"minecraft:time_since_rest":44155,"minecraft:damage_taken":4214,"minecraft:damage_absorbed":697,"minecraft:damage_dealt":9266,"minecraft:swim_one_cm":21602,"minecraft:fly_one_cm":623129,"minecraft:crouch_one_cm":1845,"minecraft:strength":7,"minecraft:fall_one_cm":98754},"minecraft:crafted":{"minecraft:oak_planks":5,"minecraft:spruce_button":3,"minecraft:furnace":1,"minecraft:cracked_stone_bricks":4,"explorerscompass:explorerscompass":1,"minecraft:spruce_boat":1,"minecraft:dark_oak_planks":1,"minecraft:crafting_table":2,"minecraft:spruce_planks":4,"minecraft:bucket":2,"minecraft:air":52,"minecraft:stick":5,"minecraft:compass":1,"minecraft:wooden_axe":1,"chococraft:chocobo_saddle":1},"minecraft:mined":{"minecraft:dark_oak_log":5,"minecraft:potted_dead_bush":1,"minecraft:decorated_pot":3,"minecraft:fire":1,"chococraft:gysahl_green":9,"minecraft:dirt_path":1,"minecraft:azalea_leaves":2,"minecraft:stone":16,"minecraft:tripwire":2,"betterarcheology:growth_totem":1,"minecraft:crafting_table":5,"minecraft:cobblestone":6,"minecraft:sugar_cane":4,"minecraft:iron_door":1,"minecraft:purple_bed":1,"betterarcheology:loot_vase_creeper":2,"minecraft:spruce_log":5,"betterarcheology:loot_vase_green":2,"minecraft:grass":2,"betterarcheology:evoker_trap":1,"minecraft:cobweb":12,"minecraft:tripwire_hook":2,"minecraft:stone_bricks":4,"minecraft:mossy_stone_bricks":4},"minecraft:killed":{"minecraft:witch":8,"aquaculture:red_grouper":1,"minecraft:spider":16,"minecraft:skeleton":26,"minecraft:chicken":1,"minecraft:drowned":3,"minecraft:piglin":1,"minecraft:pig":2,"minecraft:zombie_villager":2,"riskofrain_mobs:lemurian_entity":6,"mutantmonsters:mutant_skeleton":1,"minecraft:creeper":14,"minecraft:sheep":4,"minecraft:pillager":61,"minecraft:zombie":54,"minecraft:wither_skeleton":3,"minecraft:enderman":4,"minecraft:cow":5,"chococraft:chocobo":1},"minecraft:used":{"minecraft:flint_and_steel":2,"minecraft:decorated_pot":1,"minecraft:spruce_planks":2,"minecraft:spruce_boat":1,"minecraft:dark_oak_planks":1,"minecraft:wooden_axe":5,"minecraft:lava_bucket":10,"minecraft:bow":1,"minecraft:furnace":1,"minecraft:egg":1,"minecraft:cooked_mutton":1,"minecraft:water_bucket":11,"minecraft:oak_planks":14,"minecraft:golden_apple":1,"minecraft:crafting_table":6,"minecraft:crossbow":1,"minecraft:bread":14,"minecraft:iron_pickaxe":35,"mmorpg:weapon/staff/iron":178,"minecraft:cobblestone":23,"minecraft:potion":1,"minecraft:cooked_porkchop":2,"minecraft:bucket":22,"chococraft:gysahl_green":1},"minecraft:dropped":{"minecraft:bread":18,"minecraft:enchanted_book":4,"cte_essentials:leather_0_boots":2,"mmorpg:stat_soul":2,"mmorpg:jewel/dex":2,"chococraft:loverly_gysahl_green":2,"minecraft:ender_pearl":1,"minecraft:glass_bottle":1,"minecraft:decorated_pot":1,"minecraft:crossbow":6,"minecraft:golden_axe":1,"chococraft:gysahl_green_seeds":10,"minecraft:spruce_button":3,"minecraft:golden_apple":1,"mmorpg:weapon/staff/wood":4,"minecraft:stick":6,"mmorpg:gems/emerald/0":1,"minecraft:wooden_axe":1,"minecraft:wooden_sword":3,"minecraft:white_banner":7,"minecraft:tripwire_hook":3,"minecraft:white_wool":1,"cte_essentials:leather_1_helmet":1,"cte_essentials:leather_0_helmet":1,"mmorpg:rare_mats/farming/lesser":1,"mmorpg:offhand/dodge/wood":1,"minecraft:sugar_cane":6,"minecraft:coarse_dirt":4,"minecraft:rotten_flesh":5,"minecraft:iron_hoe":1,"minecraft:glowstone_dust":2,"minecraft:carrot":4,"minecraft:suspicious_stew":1,"minecraft:poppy":1,"minecraft:potato":4,"farmersdelight:flint_knife":7,"minecraft:trident":2,"mmorpg:offhand/tome/wood":1,"minecraft:mossy_stone_bricks":1,"mmorpg:gems/garnet/0":1,"minecraft:stone_bricks":4,"doggytalents:rice_grains":1,"minecraft:spruce_log":1,"minecraft:arrow":6,"minecraft:bow":2,"stalwart_dungeons:wooden_hammer":2,"chococraft:gysahl_green":3,"mutantmonsters:mutant_skeleton_skull":1,"cte_essentials:plate_1_boots":1,"minecraft:egg":1,"cte_essentials:leather_0_leggings":1},"minecraft:picked_up":{"minecraft:wooden_axe":1,"minecraft:crafting_table":4,"chococraft:loverly_gysahl_green":2,"minecraft:coarse_dirt":4,"mmorpg:gems/topaz/0":1,"illagerinvasion:platinum_chunk":23,"minecraft:suspicious_stew":1,"mmorpg:jewelry/ring/iron":1,"cte_essentials:leather_5_boots":1,"cte_essentials:cloth_0_leggings":1,"minecraft:string":17,"mutantmonsters:mutant_skeleton_skull":2,"minecraft:wooden_sword":3,"minecraft:beef":8,"cte_essentials:cloth_0_helmet":1,"minecraft:poppy":1,"minecraft:sugar_cane":12,"minecraft:egg":2,"mmorpg:gems/emerald/0":1,"minecraft:stick":5,"minecraft:porkchop":1,"mmorpg:jewelry/necklace/iron":1,"minecraft:carrot":4,"minecraft:trident":4,"mmorpg:skill_gems/support/int":2,"mutantmonsters:mutant_skeleton_pelvis":1,"minecraft:arrow":7,"minecraft:rotten_flesh":19,"minecraft:decorated_pot":2,"mmorpg:currency/affix_common_reroll":1,"mutantmonsters:mutant_skeleton_rib":5,"mutantmonsters:mutant_skeleton_shoulder_pad":2,"minecraft:mutton":5,"minecraft:blaze_powder":2,"minecraft:white_wool":2,"minecraft:cobblestone":22,"minecraft:tripwire_hook":3,"stalwart_dungeons:wooden_hammer":2,"minecraft:water_bucket":1,"cte_essentials:leather_1_helmet":1,"minecraft:brown_wool":1,"minecraft:leather":6,"mmorpg:gems/azurite/0":2,"minecraft:potato":4,"doggytalents:rice_grains":1,"minecraft:gunpowder":3,"farmersdelight:flint_knife":7,"mutantmonsters:mutant_skeleton_limb":7,"minecraft:dirt":1,"cte_essentials:plate_1_boots":1,"minecraft:white_banner":7,"chococraft:chocobo_feather":1,"minecraft:bone":14,"chococraft:gysahl_green":14,"minecraft:stone_bricks":8,"minecraft:bow":3,"minecraft:iron_ingot":1,"mmorpg:rare_mats/farming/lesser":1,"minecraft:mossy_stone_bricks":4,"minecraft:glowstone_dust":2,"lightmanscurrency:coin_iron":49,"minecraft:iron_sword":1,"mmorpg:skill_gems/support/str":1,"cte_essentials:leather_0_boots":2,"betterarcheology:evoker_trap":1,"mmorpg:stat_soul":6,"chococraft:gysahl_green_seeds":10,"minecraft:spruce_log":5,"mmorpg:weapon/staff/wood":3,"mmorpg:weapon/staff/iron":1,"minecraft:dark_oak_log":5,"mmorpg:jewel/int":1,"lightmanscurrency:coin_copper":117,"mmorpg:offhand/dodge/wood":1,"mmorpg:gems/garnet/0":1,"minecraft:purple_bed":1,"minecraft:diamond":1,"betterarcheology:growth_totem":1,"lightmanscurrency:coin_gold":1,"minecraft:crossbow":7,"minecraft:golden_apple":1,"minecraft:bread":15,"minecraft:emerald":31,"minecraft:chorus_fruit":1,"minecraft:black_wool":1,"minecraft:coal":1,"minecraft:ender_pearl":1},"minecraft:broken":{"cte_essentials:cloth_0_leggings":1,"cte_essentials:cloth_0_helmet":1}},"DataVersion":3465}