{"stats":{"minecraft:killed_by":{"enemyexpansion:huntsman":1},"minecraft:mined":{"minecraft:andesite":2,"minecraft:crafting_table":2,"minecraft:dark_oak_stairs":1,"minecraft:granite":5,"minecraft:grass":3,"minecraft:grass_block":3,"minecraft:oak_log":8,"minecraft:dirt":6,"minecraft:stone":32,"minecraft:diorite":7},"minecraft:killed":{"luminousworld:crab":1,"minecraft:sheep":4,"minecraft:zombie":1,"minecraft:pig":7,"enemyexpansion:huntsman":1,"minecraft:cow":7,"born_in_chaos_v1:maggot":2},"minecraft:dropped":{"born_in_chaos_v1:corpse_maggot":1},"minecraft:crafted":{"minecraft:oak_planks":32,"minecraft:crafting_table":1,"minecraft:stick":8,"minecraft:stone_pickaxe":1,"minecraft:wooden_pickaxe":1,"minecraft:wooden_axe":2},"minecraft:custom":{"minecraft:time_since_rest":3598,"minecraft:sprint_one_cm":41295,"minecraft:damage_taken":240,"minecraft:walk_one_cm":23937,"minecraft:mob_kills":23,"minecraft:drop":1,"minecraft:damage_dealt":2428,"minecraft:swim_one_cm":2990,"minecraft:interact_with_crafting_table":4,"minecraft:fly_one_cm":99012,"minecraft:open_chest":1,"minecraft:crouch_one_cm":10,"minecraft:play_time":15780,"tombstone:undead_killed":2,"minecraft:deaths":1,"minecraft:sneak_time":65,"minecraft:walk_under_water_one_cm":4274,"minecraft:jump":408,"minecraft:leave_game":3,"minecraft:walk_on_water_one_cm":3049,"minecraft:time_since_death":3956,"minecraft:total_world_time":15780,"minecraft:fall_one_cm":12414},"minecraft:used":{"minecraft:wooden_axe":47,"minecraft:stone_pickaxe":41,"minecraft:oak_planks":4,"minecraft:wooden_pickaxe":14,"minecraft:crafting_table":2,"minecraft:porkchop":3,"tombstone:gift":1,"minecraft:egg":1},"minecraft:broken":{"minecraft:wooden_axe":1},"minecraft:picked_up":{"born_in_chaos_v1:corpse_maggot":1,"minecraft:crafting_table":2,"minecraft:andesite":2,"minecraft:leather":7,"minecraft:porkchop":17,"minecraft:oak_log":8,"minecraft:diorite":7,"minecraft:dirt":9,"minecraft:arrow":1,"minecraft:bone":2,"minecraft:rotten_flesh":2,"minecraft:beef":15,"minecraft:granite":4,"minecraft:mutton":4,"minecraft:white_wool":3,"minecraft:cobblestone":32,"minecraft:egg":1}},"DataVersion":3465}