{"stats":{"minecraft:killed_by":{"minecraft:wither_skeleton":1,"minecraft:drowned":1,"minecraft:vindicator":5,"minecraft:cave_spider":2,"minecraft:zombie":2,"minecraft:vex":2,"minecraft:illusioner":4,"minecraft:enderman":1,"minecraft:skeleton":2},"minecraft:custom":{"minecraft:blood":0,"lootr:looted_stat":73,"minecraft:dexterity":5,"minecraft:interact_with_crafting_table":22,"minecraft:leave_game":7,"minecraft:time_since_death":10541,"minecraft:damage_resisted":0,"minecraft:sprint_one_cm":630113,"minecraft:drop":173,"minecraft:health":367,"minecraft:talked_to_villager":2,"minecraft:play_time":312194,"minecraft:deaths":20,"minecraft:jump":5507,"minecraft:interact_with_brewingstand":2,"minecraft:energy":190,"minecraft:walk_on_water_one_cm":36620,"minecraft:interact_with_furnace":5,"minecraft:intelligence":38,"minecraft:play_record":1,"minecraft:sleep_in_bed":2,"minecraft:levels_gained":15,"minecraft:damage_dealt":12791,"minecraft:player_kills":2,"minecraft:crouch_one_cm":3233,"minecraft:mob_kills":418,"minecraft:damage_dealt_resisted":144,"minecraft:climb_one_cm":16481,"minecraft:mana":190,"minecraft:magic_shield":0,"minecraft:walk_one_cm":802162,"minecraft:damage_dealt_absorbed":137,"minecraft:sneak_time":999,"minecraft:walk_under_water_one_cm":11762,"minecraft:total_world_time":312194,"minecraft:move_speed":0,"minecraft:raid_trigger":1,"minecraft:time_since_rest":10565,"minecraft:damage_absorbed":958,"minecraft:damage_taken":14993,"minecraft:swim_one_cm":23384,"minecraft:fly_one_cm":904231,"minecraft:strength":7,"minecraft:fall_one_cm":145030},"minecraft:crafted":{"minecraft:oak_planks":9,"minecraft:cracked_stone_bricks":4,"explorerscompass:explorerscompass":1,"minecraft:crafting_table":5,"minecraft:spruce_planks":4,"sophisticatedbackpacks:diamond_backpack":1,"minecraft:stick":5,"minecraft:compass":1,"minecraft:gold_ingot":1,"minecraft:spruce_button":3,"minecraft:furnace":1,"minecraft:bone_meal":15,"minecraft:spruce_boat":1,"minecraft:dark_oak_planks":1,"sophisticatedbackpacks:iron_backpack":1,"sophisticatedbackpacks:gold_backpack":1,"minecraft:bucket":2,"minecraft:air":96,"minecraft:oak_boat":1,"minecraft:wooden_axe":1,"chococraft:chocobo_saddle":1},"minecraft:mined":{"minecraft:potted_dead_bush":1,"minecraft:fire":1,"chococraft:gysahl_green":9,"minecraft:dirt_path":1,"minecraft:iron_bars":2,"minecraft:azalea_leaves":2,"minecraft:tripwire":2,"minecraft:powder_snow":6,"minecraft:melon":3,"minecraft:cobblestone":6,"minecraft:sugar_cane":4,"minecraft:oak_planks":2,"minecraft:iron_door":1,"minecraft:grass":6,"minecraft:oak_log":4,"minecraft:tripwire_hook":2,"minecraft:dark_oak_log":5,"minecraft:decorated_pot":3,"minecraft:bookshelf":1,"minecraft:stone":16,"betterarcheology:growth_totem":1,"minecraft:crafting_table":5,"minecraft:purple_bed":1,"betterarcheology:loot_vase_creeper":2,"minecraft:spruce_log":5,"betterarcheology:loot_vase_green":2,"betterarcheology:evoker_trap":1,"minecraft:cobweb":12,"minecraft:stone_bricks":4,"minecraft:mossy_stone_bricks":4},"minecraft:used":{"minecraft:decorated_pot":1,"minecraft:zombie_spawn_egg":1,"minecraft:rotten_flesh":2,"minecraft:skeleton_spawn_egg":1,"minecraft:spruce_boat":1,"minecraft:lava_bucket":10,"mmorpg:weapon/staff/diamond":44,"minecraft:bow":1,"minecraft:furnace":1,"cte_essentials:cloth_0_boots":1,"minecraft:egg":1,"minecraft:oak_planks":19,"minecraft:ender_pearl":6,"minecraft:golden_apple":2,"minecraft:crossbow":1,"minecraft:bread":14,"chococraft:gysahl_green":1,"minecraft:oak_boat":1,"minecraft:bone_meal":27,"minecraft:experience_bottle":35,"minecraft:iron_bars":1,"minecraft:flint_and_steel":4,"minecraft:spruce_planks":2,"gateways:gate_pearl":3,"minecraft:wooden_axe":5,"minecraft:dark_oak_planks":1,"minecraft:totem_of_undying":2,"minecraft:cooked_mutton":4,"minecraft:water_bucket":11,"minecraft:bundle":1,"minecraft:music_disc_cat":1,"minecraft:crafting_table":8,"minecraft:apple":6,"minecraft:iron_pickaxe":37,"mmorpg:weapon/staff/iron":213,"minecraft:cobblestone":23,"minecraft:potion":1,"minecraft:purple_bed":1,"minecraft:cooked_porkchop":2,"minecraft:bucket":22},"minecraft:killed":{"minecraft:cave_spider":4,"minecraft:witch":31,"aquaculture:red_grouper":1,"minecraft:spider":23,"minecraft:skeleton":45,"minecraft:chicken":1,"minecraft:illusioner":4,"minecraft:piglin":1,"minecraft:pig":2,"minecraft:zombie_villager":3,"riskofrain_mobs:lemurian_entity":8,"mutantmonsters:mutant_skeleton":1,"minecraft:creeper":17,"minecraft:sheep":5,"minecraft:pillager":76,"minecraft:zombie":85,"mutantmonsters:mutant_creeper":1,"minecraft:cow":5,"chococraft:chocobo":3,"minecraft:evoker":3,"minecraft:vex":35,"minecraft:vindicator":9,"minecraft:drowned":3,"minecraft:husk":6,"mutantmonsters:creeper_minion":1,"mutantmonsters:mutant_zombie":2,"minecraft:wither_skeleton":3,"minecraft:enderman":19},"minecraft:dropped":{"minecraft:iron_sword":1,"chococraft:loverly_gysahl_green":2,"minecraft:ender_pearl":1,"minecraft:glass_bottle":1,"minecraft:decorated_pot":1,"minecraft:crossbow":7,"betterarcheology:evoker_trap":1,"mmorpg:gems/emerald/0":1,"cte_essentials:cloth_1_leggings":2,"minecraft:wooden_sword":3,"minecraft:bone_meal":8,"minecraft:sugar":1,"minecraft:white_wool":2,"cte_essentials:leather_0_helmet":1,"mmorpg:rare_mats/farming/lesser":1,"mmorpg:offhand/dodge/wood":1,"minecraft:sugar_cane":12,"minecraft:rotten_flesh":19,"minecraft:oak_planks":4,"cte_essentials:plate_0_chestplate":1,"minecraft:glowstone_dust":2,"mmorpg:weapon/staff/diamond":1,"minecraft:carrot":4,"minecraft:chainmail_chestplate":1,"mmorpg:weapon/staff/iron":1,"minecraft:poppy":1,"supplementaries:ash":3,"aquaculture:wooden_fillet_knife":1,"minecraft:trident":3,"betterarcheology:growth_totem":1,"cte_essentials:cloth_0_helmet":5,"mmorpg:gems/garnet/0":1,"doggytalents:rice_grains":1,"minecraft:iron_bars":2,"minecraft:arrow":6,"minecraft:egg":1,"minecraft:bread":18,"minecraft:water_bucket":1,"minecraft:enchanted_book":4,"cte_essentials:leather_0_boots":2,"mmorpg:stat_soul":3,"mmorpg:jewel/dex":2,"minecraft:golden_axe":1,"minecraft:iron_helmet":1,"chococraft:gysahl_green_seeds":10,"minecraft:spruce_button":3,"mmorpg:skill_gems/support/int":1,"minecraft:coal":3,"minecraft:golden_apple":1,"mmorpg:weapon/staff/wood":5,"minecraft:stick":12,"mmorpg:runes/mos":3,"illagerinvasion:platinum_chunk":7,"cte_essentials:leather_1_leggings":1,"minecraft:wooden_axe":1,"minecraft:white_banner":7,"minecraft:tripwire_hook":3,"minecraft:spruce_sapling":2,"cte_essentials:leather_1_helmet":1,"minecraft:coarse_dirt":4,"chococraft:chocobo_feather":1,"minecraft:raw_iron":5,"mmorpg:gems/topaz/1":1,"minecraft:iron_hoe":2,"mmorpg:jewelry/necklace/iron":1,"minecraft:pumpkin_seeds":6,"minecraft:suspicious_stew":1,"minecraft:diamond_sword":2,"minecraft:potato":4,"farmersdelight:flint_knife":7,"mmorpg:offhand/tome/wood":2,"minecraft:iron_chestplate":1,"minecraft:mossy_stone_bricks":1,"minecraft:oak_boat":1,"minecraft:spider_eye":2,"minecraft:stone_bricks":4,"cte_essentials:cloth_0_chestplate":3,"minecraft:spruce_log":1,"mmorpg:jewelry/ring/iron":1,"minecraft:bow":3,"stalwart_dungeons:wooden_hammer":2,"chococraft:gysahl_green":4,"cte_essentials:plate_1_boots":1,"mutantmonsters:mutant_skeleton_skull":1,"cte_essentials:cloth_0_leggings":1,"cte_essentials:leather_0_leggings":1},"minecraft:picked_up":{"minecraft:wooden_axe":1,"chococraft:loverly_gysahl_green":2,"illagerinvasion:platinum_chunk":36,"minecraft:suspicious_stew":1,"minecraft:diamond_sword":1,"minecraft:string":35,"mutantmonsters:mutant_skeleton_skull":2,"minecraft:bucket":2,"mmorpg:runes/mos":3,"minecraft:melon_slice":12,"minecraft:stick":11,"mmorpg:gems/emerald/0":1,"minecraft:porkchop":1,"mmorpg:jewelry/necklace/iron":1,"gateways:gate_pearl":1,"mutantmonsters:mutant_skeleton_pelvis":1,"cte_essentials:cloth_0_boots":1,"minecraft:rotten_flesh":53,"mmorpg:runes/ita":2,"cte_essentials:cloth_1_leggings":6,"chococraft:chocobo_drumstick_raw":1,"supplementaries:ash":3,"mutantmonsters:mutant_skeleton_shoulder_pad":2,"minecraft:iron_bars":3,"minecraft:blaze_powder":3,"minecraft:cobblestone":31,"minecraft:water_bucket":2,"stalwart_dungeons:wooden_hammer":2,"cte_essentials:leather_1_leggings":9,"minecraft:brown_wool":1,"cte_essentials:leather_1_helmet":1,"mmorpg:gems/azurite/0":2,"minecraft:potato":4,"mmorpg:chest/common_gear":1,"cte_essentials:plate_1_boots":1,"minecraft:dirt":1,"minecraft:bone":33,"minecraft:bow":4,"minecraft:glowstone_dust":2,"minecraft:mossy_stone_bricks":4,"minecraft:oak_planks":6,"mmorpg:skill_gems/support/str":2,"mmorpg:offhand/tome/wood":1,"cte_essentials:leather_0_boots":2,"betterarcheology:evoker_trap":1,"sophisticatedbackpacks:iron_backpack":1,"minecraft:dark_oak_log":5,"mmorpg:jewel/int":1,"mmorpg:gems/garnet/0":1,"minecraft:sugar":1,"minecraft:diamond":1,"minecraft:crossbow":8,"minecraft:golden_apple":1,"minecraft:bread":15,"minecraft:emerald":42,"minecraft:chorus_fruit":2,"mmorpg:skill_gems/aura/int":2,"minecraft:crafting_table":4,"mmorpg:gems/topaz/1":1,"minecraft:coarse_dirt":4,"mmorpg:gems/topaz/0":1,"minecraft:splash_potion":4,"mmorpg:skill_gems/aura/str":1,"mmorpg:weapon/staff/diamond":2,"mmorpg:jewelry/ring/iron":1,"cte_essentials:leather_5_boots":1,"cte_essentials:cloth_0_leggings":3,"minecraft:wooden_sword":5,"minecraft:beef":8,"minecraft:oak_boat":1,"cte_essentials:cloth_0_helmet":5,"mmorpg:stone/0":12,"minecraft:poppy":1,"minecraft:sugar_cane":12,"minecraft:egg":2,"cte_essentials:cloth_0_chestplate":3,"cte_essentials:leather_0_leggings":3,"minecraft:note_block":1,"minecraft:carrot":4,"minecraft:trident":7,"mmorpg:skill_gems/support/int":2,"minecraft:redstone":15,"mmorpg:potions/reset_spells":1,"minecraft:arrow":9,"minecraft:decorated_pot":2,"mmorpg:currency/affix_common_reroll":1,"mutantmonsters:mutant_skeleton_rib":5,"mmorpg:currency/level_up_orb":3,"minecraft:gold_ingot":1,"minecraft:totem_of_undying":2,"minecraft:mutton":5,"minecraft:white_wool":3,"minecraft:tripwire_hook":3,"minecraft:leather":6,"doggytalents:rice_grains":1,"minecraft:oak_log":4,"minecraft:gunpowder":3,"mutantmonsters:mutant_skeleton_limb":7,"farmersdelight:flint_knife":7,"minecraft:white_banner":7,"chococraft:chocobo_feather":6,"chococraft:gysahl_green":15,"minecraft:stone_bricks":8,"minecraft:iron_ingot":5,"mmorpg:rare_mats/farming/lesser":1,"lightmanscurrency:coin_iron":74,"minecraft:iron_sword":1,"minecraft:book":3,"mmorpg:stat_soul":10,"chococraft:gysahl_green_seeds":10,"minecraft:spruce_sapling":2,"minecraft:spruce_log":5,"mmorpg:weapon/staff/wood":3,"mmorpg:weapon/staff/iron":1,"illagerinvasion:illusionary_dust":2,"minecraft:spider_eye":4,"mmorpg:offhand/dodge/wood":1,"lightmanscurrency:coin_copper":167,"minecraft:pumpkin_seeds":6,"minecraft:purple_bed":1,"aquaculture:wooden_fillet_knife":1,"betterarcheology:growth_totem":1,"lightmanscurrency:coin_gold":1,"minecraft:black_wool":1,"minecraft:coal":8,"minecraft:ender_pearl":7},"minecraft:broken":{"cte_essentials:cloth_0_leggings":2,"cte_essentials:cloth_0_helmet":1}},"DataVersion":3465}