{"stats":{"minecraft:killed_by":{"minecraft:zombie":1,"minecraft:enderman":1,"enemyexpansion:huntsman":1},"minecraft:mined":{"minecraft:crafting_table":2,"minecraft:granite":6,"minecraft:grass_block":3,"luminousworld:grassvariant_2":1,"minecraft:diorite":7,"minecraft:andesite":2,"minecraft:dark_oak_stairs":1,"minecraft:grass":4,"minecraft:oak_log":8,"minecraft:dirt":7,"minecraft:stone":32,"minecraft:oak_leaves":1},"minecraft:killed":{"minecraft:pig":7,"earthmobsmod:jumbo_rabbit":1,"born_in_chaos_v1:restless_spirit":1,"born_in_chaos_v1:zombie_lumberjack":1,"enemyexpansion:direwolf":1,"born_in_chaos_v1:maggot":2,"luminousworld:crab":1,"minecraft:sheep":4,"minecraft:zombie":1,"enemyexpansion:huntsman":1,"minecraft:cow":7},"minecraft:dropped":{"born_in_chaos_v1:ethereal_spirit":2,"minecraft:leather":4,"minecraft:wooden_axe":1,"born_in_chaos_v1:corpse_maggot":1,"minecraft:wooden_pickaxe":2},"minecraft:custom":{"minecraft:mob_kills":27,"minecraft:interact_with_crafting_table":6,"minecraft:leave_game":3,"minecraft:time_since_death":7738,"minecraft:time_since_rest":7520,"minecraft:sprint_one_cm":94484,"minecraft:damage_taken":895,"minecraft:walk_one_cm":66516,"minecraft:drop":10,"minecraft:damage_dealt":3487,"minecraft:swim_one_cm":7754,"minecraft:fly_one_cm":164673,"minecraft:open_chest":1,"minecraft:crouch_one_cm":388,"minecraft:play_time":27780,"tombstone:undead_killed":3,"minecraft:deaths":3,"minecraft:sneak_time":220,"minecraft:walk_under_water_one_cm":4831,"minecraft:jump":768,"minecraft:walk_on_water_one_cm":6061,"minecraft:total_world_time":27780,"minecraft:fall_one_cm":18866},"minecraft:crafted":{"minecraft:oak_planks":32,"minecraft:crafting_table":1,"minecraft:wooden_pickaxe":1,"minecraft:stone_axe":1,"minecraft:stick":12,"minecraft:stone_pickaxe":1,"minecraft:wooden_axe":2},"minecraft:used":{"minecraft:stone_pickaxe":42,"minecraft:oak_planks":4,"minecraft:wooden_pickaxe":14,"minecraft:dirt":10,"minecraft:mutton":4,"minecraft:crafting_table":3,"minecraft:wooden_axe":60,"minecraft:stone_axe":14,"minecraft:porkchop":8,"tombstone:gift":2,"minecraft:egg":1},"minecraft:broken":{"minecraft:wooden_axe":1},"minecraft:picked_up":{"born_in_chaos_v1:corpse_maggot":1,"minecraft:crafting_table":2,"minecraft:andesite":2,"minecraft:leather":7,"minecraft:wooden_pickaxe":1,"minecraft:oak_log":9,"minecraft:dirt":10,"minecraft:bone":2,"minecraft:rabbit_hide":3,"minecraft:beef":15,"minecraft:iron_ingot":1,"minecraft:rabbit":1,"minecraft:egg":1,"born_in_chaos_v1:ethereal_spirit":2,"minecraft:porkchop":17,"minecraft:cherry_log":1,"minecraft:diorite":7,"minecraft:rabbit_foot":1,"minecraft:arrow":1,"minecraft:rotten_flesh":4,"minecraft:granite":6,"minecraft:oak_sapling":1,"minecraft:mutton":4,"minecraft:white_wool":3,"minecraft:cobblestone":32}},"DataVersion":3465}