{"stats":{"minecraft:mined":{"minecraft:hay_block":11,"minecraft:white_bed":1,"iceandfire:silver_ore":1,"minecraft:fire":5,"minecraft:dandelion":1,"minecraft:yellow_bed":1,"minecraft:crafting_table":3,"minecraft:grass":1,"minecraft:bookshelf":22,"minecraft:oak_log":16,"minecraft:coal_ore":3,"iceandfire:lectern":1,"minecraft:tall_grass":1,"minecraft:stone":2,"iceandfire:podium_spruce":1,"minecraft:sugar_cane":5,"minecraft:oak_leaves":14,"minecraft:smithing_table":1},"minecraft:crafted":{"minecraft:oak_planks":20,"sophisticatedbackpacks:backpack":1,"quark:oak_chest":1,"minecraft:stick":8,"minecraft:stone_pickaxe":1,"minecraft:wooden_axe":1,"minecraft:stone_hoe":1},"minecraft:dropped":{"supplementaries:flax_seeds":2,"minecraft:cocoa_beans":2,"minecraft:rotten_flesh":3,"minecraft:torchflower_seeds":2,"minecraft:item_frame":3},"minecraft:custom":{"minecraft:interact_with_smithing_table":1,"minecraft:time_since_rest":8732,"minecraft:interact_with_furnace":2,"minecraft:sprint_one_cm":84855,"minecraft:damage_taken":280,"minecraft:walk_one_cm":95225,"minecraft:drop":7,"minecraft:damage_dealt":295,"minecraft:talked_to_villager":1,"minecraft:fly_one_cm":114685,"minecraft:swim_one_cm":2063,"minecraft:interact_with_crafting_table":6,"minecraft:open_chest":10,"minecraft:crouch_one_cm":492,"minecraft:play_time":12717,"minecraft:deaths":1,"minecraft:sneak_time":116,"minecraft:walk_under_water_one_cm":1100,"minecraft:jump":400,"minecraft:damage_dealt_resisted":28,"minecraft:time_since_death":9442,"minecraft:walk_on_water_one_cm":6191,"minecraft:climb_one_cm":815,"minecraft:total_world_time":12717,"minecraft:fall_one_cm":9758},"minecraft:used":{"tombstone:bag_of_seeds":1,"minecraft:wooden_axe":43,"minecraft:bread":3,"minecraft:stone_pickaxe":18,"minecraft:oak_planks":3,"minecraft:stone_hoe":12,"minecraft:crafting_table":3,"minecraft:oak_sapling":1,"tombstone:gift":2},"minecraft:picked_up":{"minecraft:book":65,"minecraft:stick":4,"minecraft:crafting_table":3,"iceandfire:podium_spruce":1,"minecraft:leather_leggings":1,"minecraft:leather":4,"minecraft:smithing_table":1,"minecraft:oak_log":17,"minecraft:map":1,"tombstone:grave_dust":2,"minecraft:yellow_bed":1,"minecraft:white_bed":1,"minecraft:paper":1,"minecraft:lantern":1,"minecraft:dirt":1,"minecraft:string":4,"minecraft:item_frame":3,"minecraft:experience_bottle":2,"minecraft:rotten_flesh":3,"iceandfire:lectern":1,"minecraft:diamond_boots":1,"minecraft:hay_block":11,"tombstone:bag_of_seeds":1,"minecraft:oak_sapling":2,"minecraft:sugar_cane":9,"minecraft:coal":1,"iceandfire:raw_silver":2,"minecraft:cobblestone":5,"minecraft:wooden_axe":1}},"DataVersion":3465}