{"stats":{"minecraft:mined":{"minecraft:smithing_table":1,"minecraft:white_bed":1,"iceandfire:silver_ore":1,"minecraft:dandelion":1,"luminousworld:savannah_grass_1":3,"minecraft:crafting_table":3,"iceandfire:lectern":1,"minecraft:tall_grass":1,"minecraft:sugar_cane":5,"luminousworld:savanna_grass_2":1,"minecraft:hay_block":11,"minecraft:fire":5,"luminousworld:bao_bob_log":4,"minecraft:yellow_bed":1,"minecraft:grass":1,"minecraft:bookshelf":22,"minecraft:coal_ore":3,"minecraft:oak_log":16,"minecraft:stone":10,"iceandfire:podium_spruce":1,"minecraft:oak_leaves":14},"minecraft:killed":{"born_in_chaos_v1:zombie_bruiser":1,"luminousworld:savannah_skeleton":1},"minecraft:dropped":{"minecraft:cocoa_beans":2,"minecraft:rotten_flesh":3,"minecraft:torchflower_seeds":2,"minecraft:item_frame":3,"supplementaries:flax_seeds":2},"minecraft:crafted":{"minecraft:oak_planks":24,"sophisticatedbackpacks:backpack":1,"minecraft:crafting_table":1,"minecraft:stone_axe":1,"minecraft:bread":21,"minecraft:stick":12,"quark:oak_chest":1,"minecraft:stone_pickaxe":1,"minecraft:wooden_axe":1,"minecraft:stone_sword":1,"minecraft:stone_hoe":1,"luminousworld:baobab_plank":28,"minecraft:wheat":99},"minecraft:custom":{"minecraft:interact_with_smithing_table":1,"minecraft:interact_with_furnace":2,"minecraft:mob_kills":2,"minecraft:interact_with_crafting_table":10,"minecraft:damage_dealt_resisted":28,"minecraft:time_since_death":15442,"minecraft:sleep_in_bed":1,"minecraft:climb_one_cm":815,"minecraft:time_since_rest":2733,"minecraft:sprint_one_cm":117697,"minecraft:damage_taken":579,"minecraft:walk_one_cm":119369,"minecraft:damage_blocked_by_shield":20,"minecraft:drop":7,"minecraft:damage_dealt":1407,"minecraft:swim_one_cm":2063,"minecraft:talked_to_villager":1,"minecraft:fly_one_cm":149650,"minecraft:open_chest":10,"minecraft:crouch_one_cm":492,"minecraft:play_time":18717,"tombstone:undead_killed":2,"minecraft:deaths":1,"minecraft:sneak_time":116,"minecraft:walk_under_water_one_cm":1100,"minecraft:jump":562,"minecraft:walk_on_water_one_cm":6191,"minecraft:total_world_time":18717,"minecraft:fall_one_cm":10909},"minecraft:used":{"minecraft:stone_sword":29,"minecraft:stone_pickaxe":31,"minecraft:oak_planks":3,"minecraft:stone_hoe":12,"artifacts:umbrella":1,"minecraft:crafting_table":4,"minecraft:white_bed":1,"tombstone:bag_of_seeds":1,"minecraft:wooden_axe":43,"minecraft:bread":7,"minecraft:cobblestone":3,"minecraft:oak_sapling":1,"tombstone:gift":2},"minecraft:picked_up":{"minecraft:wooden_axe":1,"iceandfire:dragon_skull_lightning":1,"minecraft:crafting_table":3,"minecraft:leather_leggings":1,"minecraft:leather":4,"minecraft:smithing_table":1,"minecraft:oak_log":17,"iceandfire:ectoplasm":1,"minecraft:yellow_bed":1,"minecraft:map":1,"minecraft:string":4,"minecraft:dirt":1,"minecraft:paper":1,"minecraft:lantern":1,"minecraft:item_frame":3,"minecraft:bone":1,"minecraft:experience_bottle":3,"minecraft:iron_ingot":2,"tombstone:bag_of_seeds":1,"minecraft:sugar_cane":9,"minecraft:book":65,"minecraft:stick":4,"iceandfire:dragonbone":22,"iceandfire:podium_spruce":1,"tombstone:grave_dust":2,"minecraft:white_bed":1,"minecraft:bundle":1,"minecraft:arrow":1,"minecraft:rotten_flesh":6,"iceandfire:lectern":1,"minecraft:diamond_boots":1,"minecraft:hay_block":11,"minecraft:oak_sapling":2,"luminousworld:bao_bob_log":7,"undead_revamp2:arapholia":1,"minecraft:coal":1,"iceandfire:raw_silver":2,"minecraft:cobblestone":13}},"DataVersion":3465}