{"stats":{"minecraft:killed_by":{"born_in_chaos_v1:baby_skeleton":1,"luminousworld:savannah_skeleton":1},"minecraft:mined":{"alexscaves:spelunkery_table":1,"minecraft:tuff":2,"minecraft:white_bed":3,"iceandfire:silver_ore":2,"minecraft:deepslate_diamond_ore":1,"minecraft:granite":3,"minecraft:glow_lichen":1,"iceandfire:lectern":1,"luminousworld:savanna_grass_2":3,"minecraft:hay_block":11,"minecraft:fire":5,"minecraft:bookshelf":22,"minecraft:deepslate_iron_ore":9,"minecraft:stone":25,"iceandfire:podium_spruce":1,"minecraft:smithing_table":1,"minecraft:oak_slab":1,"minecraft:dandelion":1,"minecraft:crafting_table":4,"luminousworld:savannah_grass_1":8,"minecraft:tall_grass":2,"minecraft:deepslate_gold_ore":9,"minecraft:sugar_cane":5,"minecraft:wall_torch":2,"minecraft:cauldron":1,"supplementaries:urn":1,"luminousworld:bao_bob_log":4,"minecraft:yellow_bed":2,"minecraft:grass":1,"minecraft:oak_log":16,"minecraft:coal_ore":6,"luminousworld:ishstone":2,"minecraft:gravel":1,"luminousworld:elephant_grass":2,"luminousworld:savannah_grass_4":2,"minecraft:oak_leaves":14,"minecraft:deepslate":143},"minecraft:killed":{"undead_revamp2:bomber":1,"born_in_chaos_v1:zombie_bruiser":1,"born_in_chaos_v1:maggot":2,"luminousworld:savannah_zombie":4,"born_in_chaos_v1:spirit_guide":1,"earthmobsmod:bouldering_zombie":1,"born_in_chaos_v1:spirit_guide_assistant":1,"born_in_chaos_v1:decrepit_skeleton":1,"luminousworld:savannah_skeleton":6,"undead_revamp2:thesomnolence":1,"minecraft:zombie":3},"minecraft:dropped":{"minecraft:cobblestone":1,"minecraft:item_frame":3,"minecraft:cocoa_beans":2,"undead_revamp2:arapholia":1,"minecraft:rotten_flesh":3,"minecraft:torchflower_seeds":2,"supplementaries:flax_seeds":2,"minecraft:oak_sapling":3,"luminousworld:elephant_grass":4},"minecraft:crafted":{"minecraft:oak_planks":32,"sophisticatedbackpacks:copper_backpack":1,"minecraft:stone_pickaxe":2,"minecraft:stone_hoe":1,"minecraft:wheat":99,"sophisticatedbackpacks:iron_backpack":1,"sophisticatedbackpacks:backpack":1,"minecraft:crafting_table":2,"minecraft:copper_ingot":10,"minecraft:stone_axe":1,"minecraft:bread":33,"minecraft:air":0,"minecraft:stick":20,"quark:oak_chest":1,"minecraft:iron_ingot":4,"minecraft:iron_pickaxe":1,"minecraft:wooden_axe":1,"minecraft:stone_sword":2,"minecraft:torch":16,"luminousworld:baobab_plank":28},"minecraft:custom":{"minecraft:interact_with_smithing_table":1,"minecraft:mob_kills":23,"minecraft:interact_with_crafting_table":24,"minecraft:open_barrel":3,"minecraft:damage_dealt_resisted":105,"minecraft:time_since_death":1334,"minecraft:climb_one_cm":815,"minecraft:sprint_one_cm":202214,"minecraft:walk_one_cm":249115,"minecraft:damage_blocked_by_shield":20,"minecraft:drop":12,"minecraft:talked_to_villager":1,"minecraft:play_time":60717,"minecraft:deaths":4,"minecraft:sneak_time":314,"minecraft:walk_under_water_one_cm":4279,"minecraft:jump":1540,"minecraft:walk_on_water_one_cm":13334,"minecraft:total_world_time":60717,"minecraft:interact_with_furnace":26,"minecraft:interact_with_loom":1,"minecraft:sleep_in_bed":3,"minecraft:time_since_rest":1043,"minecraft:damage_taken":2270,"minecraft:damage_dealt":5485,"minecraft:swim_one_cm":9528,"minecraft:fly_one_cm":329680,"minecraft:open_chest":12,"minecraft:crouch_one_cm":1203,"tombstone:undead_killed":19,"minecraft:fall_one_cm":12607},"minecraft:used":{"minecraft:stone_sword":154,"minecraft:stone_hoe":12,"minecraft:torch":3,"artifacts:umbrella":1,"minecraft:tuff":3,"minecraft:wooden_axe":43,"minecraft:lantern":1,"minecraft:bow":2,"minecraft:oak_sapling":1,"tombstone:gift":4,"minecraft:cobbled_deepslate":22,"minecraft:stone_pickaxe":192,"minecraft:oak_planks":3,"minecraft:oak_slab":1,"minecraft:crafting_table":6,"alexscaves:cave_book":2,"minecraft:white_bed":3,"tombstone:bag_of_seeds":1,"minecraft:bread":30,"minecraft:iron_pickaxe":38,"minecraft:stone_axe":2,"minecraft:cobblestone":3,"minecraft:yellow_bed":2},"minecraft:broken":{"minecraft:leather_helmet":1,"minecraft:stone_sword":1,"minecraft:leather_leggings":1,"minecraft:stone_pickaxe":1},"minecraft:picked_up":{"minecraft:wooden_axe":1,"iceandfire:dragon_skull_lightning":1,"minecraft:charcoal":2,"minecraft:crafting_table":4,"minecraft:leather_leggings":1,"minecraft:smithing_table":1,"minecraft:enchanted_book":1,"minecraft:string":6,"minecraft:raw_copper":16,"minecraft:item_frame":3,"minecraft:experience_bottle":3,"minecraft:cobbled_deepslate":218,"minecraft:sugar_cane":9,"minecraft:raw_copper_block":3,"minecraft:stick":4,"minecraft:raw_iron":8,"iceandfire:dragonbone":22,"minecraft:torch":2,"tombstone:grave_dust":2,"minecraft:cauldron":1,"minecraft:arrow":6,"minecraft:rotten_flesh":13,"minecraft:diamond_boots":1,"minecraft:hay_block":11,"alexscaves:spelunkery_table":1,"undead_revamp2:arapholia":1,"minecraft:cobblestone":17,"born_in_chaos_v1:corpse_maggot":2,"luminousworld:ishstone":5,"minecraft:leather":4,"minecraft:tuff":14,"minecraft:oak_log":17,"iceandfire:ectoplasm":1,"minecraft:yellow_bed":2,"minecraft:gunpowder":1,"minecraft:map":1,"minecraft:lantern":1,"minecraft:dirt":1,"minecraft:paper":1,"minecraft:bone":10,"minecraft:bow":1,"minecraft:raw_gold":13,"minecraft:iron_ingot":3,"luminousworld:elephant_grass":4,"tombstone:bag_of_seeds":2,"minecraft:book":65,"minecraft:oak_slab":1,"iceandfire:podium_spruce":1,"earthmobsmod:harder_flesh":2,"minecraft:gravel":4,"minecraft:white_bed":3,"minecraft:bundle":2,"minecraft:diamond":1,"iceandfire:lectern":1,"luminousworld:bao_bob_log":7,"minecraft:oak_sapling":2,"minecraft:coal":4,"iceandfire:raw_silver":3}},"DataVersion":3465}