{"stats":{"minecraft:mined":{"minecraft:smithing_table":1,"minecraft:white_bed":1,"iceandfire:silver_ore":2,"minecraft:dandelion":1,"luminousworld:savannah_grass_1":8,"minecraft:crafting_table":3,"minecraft:granite":3,"iceandfire:lectern":1,"minecraft:tall_grass":2,"minecraft:sugar_cane":5,"luminousworld:savanna_grass_2":3,"minecraft:hay_block":11,"minecraft:fire":5,"luminousworld:bao_bob_log":4,"minecraft:yellow_bed":1,"minecraft:grass":1,"luminousworld:ishstone":2,"minecraft:bookshelf":22,"minecraft:coal_ore":3,"minecraft:oak_log":16,"minecraft:stone":25,"iceandfire:podium_spruce":1,"luminousworld:savannah_grass_4":2,"luminousworld:elephant_grass":2,"minecraft:oak_leaves":14,"minecraft:deepslate":4},"minecraft:killed":{"born_in_chaos_v1:spirit_guide":1,"born_in_chaos_v1:spirit_guide_assistant":1,"born_in_chaos_v1:zombie_bruiser":1,"born_in_chaos_v1:decrepit_skeleton":1,"luminousworld:savannah_skeleton":5,"undead_revamp2:thesomnolence":1,"minecraft:zombie":1},"minecraft:dropped":{"minecraft:cocoa_beans":2,"minecraft:rotten_flesh":3,"minecraft:torchflower_seeds":2,"minecraft:item_frame":3,"supplementaries:flax_seeds":2},"minecraft:crafted":{"minecraft:oak_planks":24,"sophisticatedbackpacks:backpack":1,"minecraft:crafting_table":1,"minecraft:stone_axe":1,"minecraft:bread":21,"minecraft:stick":12,"quark:oak_chest":1,"minecraft:stone_pickaxe":1,"minecraft:wooden_axe":1,"minecraft:stone_sword":1,"minecraft:stone_hoe":1,"luminousworld:baobab_plank":28,"minecraft:wheat":99},"minecraft:custom":{"minecraft:interact_with_smithing_table":1,"minecraft:interact_with_furnace":2,"minecraft:mob_kills":11,"minecraft:interact_with_crafting_table":11,"minecraft:damage_dealt_resisted":85,"minecraft:time_since_death":27442,"minecraft:sleep_in_bed":1,"minecraft:climb_one_cm":815,"minecraft:time_since_rest":14733,"minecraft:sprint_one_cm":149670,"minecraft:damage_taken":970,"minecraft:walk_one_cm":151655,"minecraft:damage_blocked_by_shield":20,"minecraft:drop":7,"minecraft:damage_dealt":3091,"minecraft:swim_one_cm":9059,"minecraft:talked_to_villager":1,"minecraft:fly_one_cm":215862,"minecraft:open_chest":10,"minecraft:crouch_one_cm":492,"minecraft:play_time":30717,"tombstone:undead_killed":10,"minecraft:deaths":1,"minecraft:sneak_time":116,"minecraft:walk_under_water_one_cm":1814,"minecraft:jump":821,"minecraft:walk_on_water_one_cm":8076,"minecraft:total_world_time":30717,"minecraft:fall_one_cm":11118},"minecraft:used":{"minecraft:stone_sword":93,"minecraft:stone_pickaxe":56,"minecraft:oak_planks":3,"minecraft:stone_hoe":12,"artifacts:umbrella":1,"minecraft:crafting_table":4,"minecraft:white_bed":1,"tombstone:bag_of_seeds":1,"minecraft:wooden_axe":43,"minecraft:bread":16,"minecraft:cobblestone":3,"minecraft:oak_sapling":1,"tombstone:gift":2},"minecraft:picked_up":{"minecraft:wooden_axe":1,"iceandfire:dragon_skull_lightning":1,"minecraft:crafting_table":3,"luminousworld:ishstone":5,"minecraft:leather_leggings":1,"minecraft:leather":4,"minecraft:smithing_table":1,"minecraft:tuff":8,"minecraft:oak_log":17,"iceandfire:ectoplasm":1,"minecraft:yellow_bed":1,"minecraft:map":1,"minecraft:string":5,"minecraft:dirt":1,"minecraft:paper":1,"minecraft:lantern":1,"minecraft:item_frame":3,"minecraft:bone":3,"minecraft:experience_bottle":3,"minecraft:bow":1,"minecraft:cobbled_deepslate":48,"minecraft:iron_ingot":2,"luminousworld:elephant_grass":2,"tombstone:bag_of_seeds":2,"minecraft:sugar_cane":9,"minecraft:book":65,"minecraft:stick":4,"iceandfire:dragonbone":22,"iceandfire:podium_spruce":1,"tombstone:grave_dust":2,"minecraft:white_bed":1,"minecraft:bundle":2,"minecraft:arrow":1,"minecraft:rotten_flesh":11,"iceandfire:lectern":1,"minecraft:diamond_boots":1,"minecraft:hay_block":11,"minecraft:oak_sapling":2,"luminousworld:bao_bob_log":7,"undead_revamp2:arapholia":1,"minecraft:coal":1,"iceandfire:raw_silver":3,"minecraft:cobblestone":17}},"DataVersion":3465}