{"stats":{"minecraft:killed_by":{"luminousworld:savannah_skeleton":1},"minecraft:mined":{"minecraft:smithing_table":1,"minecraft:tuff":2,"minecraft:white_bed":3,"iceandfire:silver_ore":2,"minecraft:deepslate_diamond_ore":1,"minecraft:dandelion":1,"minecraft:glow_lichen":1,"luminousworld:savannah_grass_1":8,"minecraft:crafting_table":4,"minecraft:granite":3,"iceandfire:lectern":1,"minecraft:tall_grass":2,"minecraft:deepslate_gold_ore":9,"minecraft:sugar_cane":5,"minecraft:wall_torch":2,"luminousworld:savanna_grass_2":3,"supplementaries:urn":1,"minecraft:hay_block":11,"minecraft:fire":5,"luminousworld:bao_bob_log":4,"minecraft:yellow_bed":2,"minecraft:grass":1,"luminousworld:ishstone":2,"minecraft:bookshelf":22,"minecraft:coal_ore":3,"minecraft:oak_log":16,"minecraft:deepslate_iron_ore":7,"minecraft:gravel":1,"minecraft:stone":25,"iceandfire:podium_spruce":1,"luminousworld:savannah_grass_4":2,"luminousworld:elephant_grass":2,"minecraft:oak_leaves":14,"minecraft:deepslate":138},"minecraft:killed":{"born_in_chaos_v1:spirit_guide":1,"earthmobsmod:bouldering_zombie":1,"born_in_chaos_v1:spirit_guide_assistant":1,"undead_revamp2:bomber":1,"born_in_chaos_v1:zombie_bruiser":1,"born_in_chaos_v1:decrepit_skeleton":1,"born_in_chaos_v1:maggot":2,"luminousworld:savannah_skeleton":6,"undead_revamp2:thesomnolence":1,"minecraft:zombie":3,"luminousworld:savannah_zombie":3},"minecraft:dropped":{"minecraft:cocoa_beans":2,"undead_revamp2:arapholia":1,"minecraft:cobblestone":1,"minecraft:rotten_flesh":3,"minecraft:torchflower_seeds":2,"minecraft:item_frame":3,"supplementaries:flax_seeds":2,"minecraft:oak_sapling":3,"luminousworld:elephant_grass":4},"minecraft:crafted":{"minecraft:oak_planks":28,"sophisticatedbackpacks:backpack":1,"minecraft:crafting_table":2,"minecraft:copper_ingot":10,"minecraft:stone_axe":1,"minecraft:air":0,"minecraft:bread":21,"sophisticatedbackpacks:copper_backpack":1,"minecraft:stick":12,"quark:oak_chest":1,"minecraft:iron_ingot":4,"minecraft:iron_pickaxe":1,"minecraft:stone_pickaxe":2,"minecraft:wooden_axe":1,"minecraft:stone_sword":1,"minecraft:stone_hoe":1,"luminousworld:baobab_plank":28,"sophisticatedbackpacks:iron_backpack":1,"minecraft:wheat":99},"minecraft:custom":{"minecraft:interact_with_smithing_table":1,"minecraft:interact_with_furnace":21,"minecraft:mob_kills":22,"minecraft:interact_with_crafting_table":18,"minecraft:damage_dealt_resisted":105,"minecraft:time_since_death":14198,"minecraft:sleep_in_bed":3,"minecraft:climb_one_cm":815,"minecraft:time_since_rest":14039,"minecraft:sprint_one_cm":176103,"minecraft:damage_taken":1792,"minecraft:walk_one_cm":218382,"minecraft:damage_blocked_by_shield":20,"minecraft:drop":12,"minecraft:damage_dealt":5285,"minecraft:swim_one_cm":9059,"minecraft:talked_to_villager":1,"minecraft:fly_one_cm":266384,"minecraft:open_chest":12,"minecraft:crouch_one_cm":666,"minecraft:play_time":54717,"tombstone:undead_killed":18,"minecraft:deaths":2,"minecraft:sneak_time":210,"minecraft:walk_under_water_one_cm":2282,"minecraft:jump":1287,"minecraft:walk_on_water_one_cm":10584,"minecraft:total_world_time":54717,"minecraft:fall_one_cm":11329},"minecraft:used":{"minecraft:stone_sword":146,"minecraft:stone_pickaxe":191,"minecraft:oak_planks":3,"minecraft:stone_hoe":12,"minecraft:torch":2,"artifacts:umbrella":1,"minecraft:crafting_table":5,"minecraft:white_bed":2,"minecraft:tuff":3,"tombstone:bag_of_seeds":1,"minecraft:wooden_axe":43,"minecraft:lantern":1,"minecraft:bread":27,"minecraft:iron_pickaxe":26,"minecraft:stone_axe":1,"minecraft:cobblestone":3,"minecraft:bow":2,"minecraft:oak_sapling":1,"minecraft:cobbled_deepslate":3,"tombstone:gift":4,"minecraft:yellow_bed":2},"minecraft:broken":{"minecraft:leather_helmet":1,"minecraft:stone_sword":1,"minecraft:stone_pickaxe":1},"minecraft:picked_up":{"minecraft:wooden_axe":1,"iceandfire:dragon_skull_lightning":1,"born_in_chaos_v1:corpse_maggot":2,"minecraft:charcoal":2,"minecraft:crafting_table":4,"luminousworld:ishstone":5,"minecraft:leather_leggings":1,"minecraft:leather":4,"minecraft:smithing_table":1,"minecraft:enchanted_book":1,"minecraft:tuff":14,"minecraft:oak_log":17,"iceandfire:ectoplasm":1,"minecraft:yellow_bed":2,"minecraft:gunpowder":1,"minecraft:raw_copper":16,"minecraft:map":1,"minecraft:string":5,"minecraft:dirt":1,"minecraft:paper":1,"minecraft:lantern":1,"minecraft:item_frame":3,"minecraft:bone":10,"minecraft:experience_bottle":3,"minecraft:bow":1,"minecraft:cobbled_deepslate":212,"minecraft:raw_gold":13,"minecraft:iron_ingot":3,"luminousworld:elephant_grass":4,"tombstone:bag_of_seeds":2,"minecraft:sugar_cane":9,"minecraft:raw_copper_block":3,"minecraft:book":65,"minecraft:raw_iron":7,"minecraft:stick":4,"iceandfire:dragonbone":22,"iceandfire:podium_spruce":1,"minecraft:torch":2,"earthmobsmod:harder_flesh":2,"minecraft:gravel":4,"tombstone:grave_dust":2,"minecraft:white_bed":3,"minecraft:diamond":1,"minecraft:bundle":2,"minecraft:arrow":6,"minecraft:rotten_flesh":13,"iceandfire:lectern":1,"minecraft:diamond_boots":1,"minecraft:hay_block":11,"minecraft:oak_sapling":2,"luminousworld:bao_bob_log":7,"undead_revamp2:arapholia":1,"minecraft:coal":1,"iceandfire:raw_silver":3,"minecraft:cobblestone":17}},"DataVersion":3465}