{"stats":{"minecraft:killed_by":{"minecraft:zombie":1},"minecraft:mined":{"minecraft:tuff":5,"minecraft:stripped_mangrove_log":1,"luminousworld:grassvariant_4":1,"minecraft:crafting_table":1,"minecraft:torch":3,"minecraft:grass_block":2,"iceandfire:deepslate_silver_ore":1,"minecraft:cobblestone":9,"minecraft:lapis_ore":8,"placeablesmod:bread_full_block":1,"supplementaries:urn":6,"minecraft:tall_seagrass":1,"luminousworld:sunset_petunias":1,"minecraft:furnace":1,"minecraft:birch_log":7,"minecraft:iron_ore":29,"minecraft:andesite":7,"minecraft:grass":3,"luminousworld:ishstone":3,"minecraft:coal_ore":40,"minecraft:stone":91,"minecraft:oak_leaves":3,"minecraft:deepslate":8},"minecraft:killed":{"undead_revamp2:the_moonflower":1,"born_in_chaos_v1:maggot":1,"minecraft:zombie":1},"minecraft:crafted":{"minecraft:crafting_table":2,"minecraft:wooden_pickaxe":1,"minecraft:iron_helmet":1,"minecraft:iron_sword":1,"minecraft:furnace":1,"minecraft:birch_planks":28,"minecraft:stone_axe":1,"minecraft:air":0,"minecraft:iron_chestplate":1,"minecraft:iron_boots":1,"minecraft:shield":1,"minecraft:iron_axe":1,"minecraft:stick":20,"minecraft:iron_ingot":27,"minecraft:iron_pickaxe":1,"minecraft:stone_pickaxe":1,"minecraft:stone_sword":1,"minecraft:iron_leggings":1,"minecraft:torch":28},"minecraft:dropped":{"minecraft:stone_axe":1,"minecraft:stone_sword":1,"alexsmobs:animal_dictionary":1,"luminousworld:ishstone":1,"minecraft:raw_iron":2,"minecraft:rotten_flesh":3,"minecraft:dirt":1,"supplementaries:flax_seeds":4,"tombstone:grave_dust":1,"minecraft:stone_pickaxe":1,"minecraft:wooden_pickaxe":2},"minecraft:custom":{"minecraft:interact_with_furnace":16,"minecraft:mob_kills":3,"minecraft:interact_with_crafting_table":14,"minecraft:damage_dealt_resisted":133,"minecraft:leave_game":2,"minecraft:time_since_death":3838,"minecraft:time_since_rest":3119,"minecraft:sprint_one_cm":117401,"minecraft:damage_taken":850,"minecraft:walk_one_cm":101325,"minecraft:damage_blocked_by_shield":255,"minecraft:drop":18,"minecraft:damage_dealt":1089,"tombstone:cast_on_ally":0,"minecraft:swim_one_cm":5992,"minecraft:fly_one_cm":94679,"minecraft:open_chest":17,"minecraft:crouch_one_cm":14751,"minecraft:play_time":28704,"tombstone:undead_killed":2,"minecraft:deaths":3,"minecraft:sneak_time":3817,"minecraft:walk_under_water_one_cm":2473,"minecraft:jump":581,"minecraft:walk_on_water_one_cm":4243,"minecraft:total_world_time":28704,"minecraft:fall_one_cm":21097},"minecraft:used":{"tombstone:scroll_of_mercy":1,"minecraft:stone_sword":11,"minecraft:stone_pickaxe":99,"minecraft:wooden_pickaxe":11,"minecraft:shield":3,"minecraft:iron_sword":31,"luminousworld:ishstone":2,"minecraft:iron_chestplate":1,"minecraft:torch":36,"mowziesmobs:umvuthana_mask_bliss":1,"minecraft:dirt":1,"minecraft:crafting_table":2,"minecraft:tuff":5,"minecraft:granite":1,"minecraft:axolotl_bucket":2,"minecraft:apple":1,"minecraft:bread":2,"minecraft:iron_axe":3,"minecraft:iron_pickaxe":95,"minecraft:iron_boots":1,"minecraft:cobblestone":76,"minecraft:furnace":1,"minecraft:oak_sapling":1,"minecraft:cooked_porkchop":1,"minecraft:bucket":2,"minecraft:andesite":2,"tombstone:gift":1,"alexsmobs:animal_dictionary":1,"minecraft:egg":1,"minecraft:cobbled_deepslate":10},"minecraft:picked_up":{"minecraft:birch_log":7,"minecraft:crafting_table":1,"minecraft:feather":3,"minecraft:andesite":7,"luminousworld:ishstone":3,"minecraft:wooden_pickaxe":1,"minecraft:tuff":5,"supplementaries:flax_seeds":4,"minecraft:gunpowder":1,"minecraft:stripped_mangrove_log":1,"minecraft:lapis_lazuli":49,"minecraft:dirt":2,"minecraft:bone":7,"minecraft:apple":1,"minecraft:cobbled_deepslate":10,"minecraft:egg":1,"minecraft:furnace":1,"minecraft:stick":2,"minecraft:raw_iron":31,"minecraft:torch":10,"minecraft:diorite":1,"alexsmobs:animal_dictionary":1,"minecraft:rotten_flesh":3,"minecraft:granite":1,"mowziesmobs:umvuthana_mask_bliss":1,"minecraft:emerald":3,"minecraft:bread":3,"mowziesmobs:umvuthana_mask_fear":1,"supplementaries:ash":6,"minecraft:oak_sapling":1,"minecraft:coal":39,"iceandfire:raw_silver":1,"minecraft:cobblestone":97}},"DataVersion":3465}