{"stats":{"minecraft:mined":{"minecraft:crafting_table":1,"minecraft:torch":1,"minecraft:cobblestone":5,"minecraft:lapis_ore":6,"placeablesmod:bread_full_block":1,"minecraft:tall_seagrass":1,"minecraft:furnace":1,"minecraft:birch_log":7,"minecraft:iron_ore":29,"minecraft:andesite":2,"minecraft:grass":2,"minecraft:coal_ore":20,"minecraft:stone":82},"minecraft:killed":{"born_in_chaos_v1:maggot":1,"minecraft:zombie":1},"minecraft:crafted":{"minecraft:crafting_table":2,"minecraft:wooden_pickaxe":1,"minecraft:iron_sword":1,"minecraft:furnace":1,"minecraft:birch_planks":28,"minecraft:stone_axe":1,"minecraft:air":0,"minecraft:shield":1,"minecraft:iron_axe":1,"minecraft:stick":12,"minecraft:iron_ingot":27,"minecraft:iron_pickaxe":1,"minecraft:stone_pickaxe":1,"minecraft:stone_sword":1,"minecraft:torch":8},"minecraft:dropped":{"minecraft:stone_axe":1,"minecraft:stone_sword":1,"alexsmobs:animal_dictionary":1,"minecraft:raw_iron":2,"minecraft:rotten_flesh":3,"minecraft:stone_pickaxe":1,"minecraft:wooden_pickaxe":2},"minecraft:custom":{"minecraft:interact_with_furnace":16,"minecraft:mob_kills":2,"minecraft:interact_with_crafting_table":11,"minecraft:time_since_death":15255,"minecraft:time_since_rest":15255,"minecraft:sprint_one_cm":40978,"minecraft:damage_taken":175,"minecraft:walk_one_cm":69384,"minecraft:damage_blocked_by_shield":145,"minecraft:drop":11,"minecraft:damage_dealt":276,"tombstone:cast_on_ally":0,"minecraft:swim_one_cm":1687,"minecraft:fly_one_cm":19596,"minecraft:crouch_one_cm":11398,"minecraft:play_time":15255,"tombstone:undead_killed":1,"minecraft:sneak_time":2791,"minecraft:walk_under_water_one_cm":2343,"minecraft:jump":161,"minecraft:walk_on_water_one_cm":3225,"minecraft:total_world_time":15255,"minecraft:fall_one_cm":5637},"minecraft:used":{"tombstone:scroll_of_mercy":1,"minecraft:stone_sword":11,"minecraft:stone_pickaxe":99,"minecraft:wooden_pickaxe":11,"minecraft:shield":1,"minecraft:torch":17,"minecraft:crafting_table":2,"minecraft:granite":1,"minecraft:apple":1,"minecraft:iron_axe":1,"minecraft:bread":2,"minecraft:iron_pickaxe":35,"minecraft:cobblestone":15,"minecraft:oak_sapling":1,"minecraft:furnace":1,"minecraft:andesite":2,"alexsmobs:animal_dictionary":1,"minecraft:egg":1},"minecraft:picked_up":{"minecraft:birch_log":7,"minecraft:crafting_table":1,"minecraft:andesite":2,"minecraft:wooden_pickaxe":1,"minecraft:gunpowder":1,"minecraft:lapis_lazuli":42,"minecraft:apple":1,"minecraft:egg":1,"minecraft:furnace":1,"minecraft:stick":2,"minecraft:raw_iron":31,"minecraft:torch":1,"minecraft:diorite":1,"alexsmobs:animal_dictionary":1,"minecraft:rotten_flesh":3,"minecraft:granite":1,"minecraft:bread":3,"minecraft:oak_sapling":1,"minecraft:coal":20,"minecraft:cobblestone":83}},"DataVersion":3465}