{"stats":{"minecraft:mined":{"minecraft:tall_seagrass":1,"minecraft:birch_log":7,"minecraft:iron_ore":27,"minecraft:andesite":2,"minecraft:torch":1,"minecraft:grass":2,"minecraft:coal_ore":20,"minecraft:cobblestone":2,"minecraft:stone":59},"minecraft:killed":{"minecraft:zombie":1,"born_in_chaos_v1:maggot":1},"minecraft:crafted":{"minecraft:shield":1,"minecraft:iron_axe":1,"minecraft:crafting_table":2,"minecraft:stick":12,"minecraft:iron_pickaxe":1,"minecraft:iron_ingot":15,"minecraft:wooden_pickaxe":1,"minecraft:stone_pickaxe":1,"minecraft:iron_sword":1,"minecraft:stone_sword":1,"minecraft:furnace":1,"minecraft:torch":8,"minecraft:birch_planks":28,"minecraft:stone_axe":1,"minecraft:air":0},"minecraft:dropped":{"minecraft:stone_axe":1,"minecraft:stone_sword":1,"alexsmobs:animal_dictionary":1,"minecraft:raw_iron":2,"minecraft:rotten_flesh":2,"minecraft:stone_pickaxe":1,"minecraft:wooden_pickaxe":2},"minecraft:custom":{"minecraft:time_since_rest":9255,"minecraft:interact_with_furnace":11,"minecraft:sprint_one_cm":23735,"minecraft:damage_taken":135,"minecraft:walk_one_cm":38458,"minecraft:mob_kills":2,"minecraft:drop":10,"minecraft:damage_dealt":276,"minecraft:interact_with_crafting_table":11,"minecraft:swim_one_cm":1687,"minecraft:fly_one_cm":15190,"minecraft:crouch_one_cm":6002,"minecraft:play_time":9255,"tombstone:undead_killed":1,"minecraft:sneak_time":1240,"minecraft:walk_under_water_one_cm":2343,"minecraft:jump":104,"minecraft:walk_on_water_one_cm":2854,"minecraft:time_since_death":9255,"minecraft:total_world_time":9255,"minecraft:fall_one_cm":3149},"minecraft:used":{"minecraft:apple":1,"minecraft:stone_sword":11,"minecraft:stone_pickaxe":99,"minecraft:wooden_pickaxe":11,"minecraft:torch":7,"minecraft:cobblestone":4,"minecraft:crafting_table":2,"minecraft:furnace":1,"minecraft:oak_sapling":1,"minecraft:andesite":2,"alexsmobs:animal_dictionary":1,"minecraft:egg":1},"minecraft:picked_up":{"minecraft:birch_log":7,"minecraft:stick":2,"minecraft:raw_iron":29,"minecraft:andesite":2,"minecraft:torch":1,"minecraft:wooden_pickaxe":1,"alexsmobs:animal_dictionary":1,"minecraft:rotten_flesh":2,"minecraft:apple":1,"minecraft:oak_sapling":1,"minecraft:coal":20,"minecraft:cobblestone":58,"minecraft:egg":1}},"DataVersion":3465}