{"stats":{"minecraft:killed_by":{"minecraft:zombie":1},"minecraft:mined":{"minecraft:tuff":5,"minecraft:crafting_table":1,"minecraft:torch":2,"minecraft:grass_block":1,"iceandfire:deepslate_silver_ore":1,"minecraft:cobblestone":9,"minecraft:lapis_ore":6,"placeablesmod:bread_full_block":1,"supplementaries:urn":3,"minecraft:tall_seagrass":1,"luminousworld:sunset_petunias":1,"minecraft:furnace":1,"minecraft:birch_log":7,"minecraft:iron_ore":29,"minecraft:andesite":7,"minecraft:grass":3,"luminousworld:ishstone":2,"minecraft:coal_ore":20,"minecraft:stone":86,"minecraft:deepslate":5},"minecraft:killed":{"born_in_chaos_v1:maggot":1,"minecraft:zombie":1},"minecraft:crafted":{"minecraft:crafting_table":2,"minecraft:wooden_pickaxe":1,"minecraft:iron_sword":1,"minecraft:furnace":1,"minecraft:birch_planks":28,"minecraft:stone_axe":1,"minecraft:air":0,"minecraft:shield":1,"minecraft:iron_axe":1,"minecraft:stick":12,"minecraft:iron_ingot":27,"minecraft:iron_pickaxe":1,"minecraft:stone_pickaxe":1,"minecraft:stone_sword":1,"minecraft:torch":8},"minecraft:dropped":{"minecraft:stone_axe":1,"minecraft:stone_sword":1,"alexsmobs:animal_dictionary":1,"minecraft:raw_iron":2,"minecraft:rotten_flesh":3,"supplementaries:flax_seeds":4,"tombstone:grave_dust":1,"minecraft:stone_pickaxe":1,"minecraft:wooden_pickaxe":2},"minecraft:custom":{"minecraft:interact_with_furnace":16,"minecraft:mob_kills":2,"minecraft:interact_with_crafting_table":11,"minecraft:leave_game":2,"minecraft:time_since_death":1472,"minecraft:time_since_rest":1,"minecraft:sprint_one_cm":78544,"minecraft:damage_taken":520,"minecraft:walk_one_cm":80750,"minecraft:damage_blocked_by_shield":230,"minecraft:drop":16,"minecraft:damage_dealt":276,"tombstone:cast_on_ally":0,"minecraft:swim_one_cm":5992,"minecraft:fly_one_cm":56085,"minecraft:open_chest":2,"minecraft:crouch_one_cm":12451,"minecraft:play_time":22396,"tombstone:undead_killed":1,"minecraft:deaths":2,"minecraft:sneak_time":3416,"minecraft:walk_under_water_one_cm":2473,"minecraft:jump":304,"minecraft:walk_on_water_one_cm":4231,"minecraft:total_world_time":22396,"minecraft:fall_one_cm":13012},"minecraft:used":{"tombstone:scroll_of_mercy":1,"minecraft:stone_sword":11,"minecraft:stone_pickaxe":99,"minecraft:wooden_pickaxe":11,"minecraft:shield":2,"luminousworld:ishstone":2,"minecraft:torch":24,"minecraft:dirt":1,"minecraft:crafting_table":2,"minecraft:granite":1,"minecraft:apple":1,"minecraft:bread":2,"minecraft:iron_axe":2,"minecraft:iron_pickaxe":63,"minecraft:cobblestone":29,"minecraft:furnace":1,"minecraft:oak_sapling":1,"minecraft:andesite":2,"tombstone:gift":1,"alexsmobs:animal_dictionary":1,"minecraft:egg":1,"minecraft:cobbled_deepslate":3},"minecraft:picked_up":{"minecraft:birch_log":7,"minecraft:crafting_table":1,"minecraft:andesite":7,"luminousworld:ishstone":2,"minecraft:wooden_pickaxe":1,"minecraft:tuff":5,"supplementaries:flax_seeds":4,"minecraft:gunpowder":1,"minecraft:lapis_lazuli":42,"minecraft:dirt":1,"minecraft:bone":7,"minecraft:apple":1,"minecraft:cobbled_deepslate":5,"minecraft:egg":1,"minecraft:furnace":1,"minecraft:stick":2,"minecraft:raw_iron":31,"minecraft:torch":3,"minecraft:diorite":1,"alexsmobs:animal_dictionary":1,"minecraft:rotten_flesh":3,"minecraft:granite":1,"minecraft:bread":3,"minecraft:oak_sapling":1,"minecraft:coal":20,"iceandfire:raw_silver":1,"minecraft:cobblestone":92}},"DataVersion":3465}